line_id,distributor,distributor_sku
ArdPromSD-001,digikey,497-1242-1-ND
ArdPromSD-002,digikey,ATMEGA32U4-AU-ND
ArdPromSD-003,digikey,1727-3092-1-ND
ArdPromSD-004,digikey,S7075-ND
ArdPromSD-005,digikey,2073-MEM2075-00-140-01-ACT-ND
ArdPromSD-006,digikey,311-1361-1-ND
ArdPromSD-007,digikey,587-5869-1-ND
ArdPromSD-008,digikey,732-7807-1-ND
ArdPromSD-009,digikey,13-CC0805KFX7R8BB105CT-ND
ArdPromSD-010,digikey,RNCP0805FTD10K0CT-ND
ArdPromSD-011,digikey,RNCP0805FTD1K00CT-ND
ArdPromSD-012,digikey,2019-RK73H2ATTD22R0FCT-ND
ArdPromSD-013,digikey,13-RC0805FR-103K3LCT-ND
ArdPromSD-014,digikey,475-1410-1-ND
ArdPromSD-015,digikey,475-1278-1-ND
ArdPromSD-016,digikey,283-PTS08056V050CT-ND
ArdPromSD-017,digikey,2223-TS04-66-70-BK-100-SMT-ND
ArdPromSD-018,digikey,SER4371CT-ND
PCB-Stimulator-001,digikey,1528-2181-ND
PCB-Stimulator-001,mouser,4853405
PCB-Stimulator-002,digikey,1528-1185-ND
PCB-Stimulator-002,mouser,4851429
PCB-Stimulator-003,digikey,A97552-ND
PCB-Stimulator-003,mouser,571113375420
PCB-Stimulator-003,farnell,1020954
PCB-Stimulator-004,digikey,455-2266-ND
PCB-Stimulator-004,rs,8201611
PCB-Stimulator-004,farnell,1516264
PCB-Stimulator-005,digikey,455-2219-ND
PCB-Stimulator-005,rs,8201614
PCB-Stimulator-005,farnell,1516265
PCB-Stimulator-006,digikey,455-2267-ND
PCB-Stimulator-006,rs,8201618
PCB-Stimulator-006,farnell,1516266
PCB-Stimulator-007,digikey,455-2247-ND
PCB-Stimulator-007,rs,8201554
PCB-Stimulator-007,farnell,1516276
PCB-Stimulator-008,digikey,455-2248-ND
PCB-Stimulator-008,rs,8201557
PCB-Stimulator-008,farnell,1516277
PCB-Stimulator-009,digikey,455-2249-ND
PCB-Stimulator-009,rs,8201551
PCB-Stimulator-009,farnell,1516278
PCB-Stimulator-010,digikey,455-3241-ND
PCB-Stimulator-010,rs,01SHXSXH26L 150
PCB-Stimulator-011,digikey,350-1557-ND
PCB-Stimulator-012,digikey,67-1330-ND
PCB-Stimulator-012,mouser,696SSHLX3050
PCB-Stimulator-012,farnell,7604956
PCB-Stimulator-013,digikey,67-1332-ND
PCB-Stimulator-013,mouser,696SSHLX5091
PCB-Stimulator-013,rs,8886473
PCB-Stimulator-013,farnell,7604970
PCB-Stimulator-014,digikey,EG1859-ND
PCB-Stimulator-014,mouser,612R1966ABKBKESG
PCB-Stimulator-014,farnell,2830590
PCB-Stimulator-015,rs,7077612
PCB-Stimulator-016,rs,7077647P
PCB-Stimulator-017,digikey,SSW-116-02-G-S-ND
PCB-Stimulator-017,mouser,200SSW11602GS
PCB-Stimulator-017,rs,7655795P
PCB-Stimulator-017,farnell,1668394
PCB-Stimulator-018,digikey,3185-FC681478-ND
PCB-Stimulator-018,rs,8840957
PCB-Stimulator-018,farnell,2450496
hbridge_driver-001,digikey,TC4420EPA-ND
hbridge_driver-001,mouser,579TC4420EPA
hbridge_driver-001,rs,6811124
hbridge_driver-001,farnell,9762566
hbridge_driver-002,digikey,IRF9Z34NPBF-ND
hbridge_driver-002,mouser,942IRF9Z34NPBF
hbridge_driver-002,rs,5409799
hbridge_driver-002,farnell,8648689
hbridge_driver-003,digikey,IRFZ44NPBF-ND
hbridge_driver-003,mouser,942IRFZ44NPBF
hbridge_driver-003,rs,5409777
hbridge_driver-003,farnell,1544411
hbridge_driver-004,digikey,A131472CT-ND
hbridge_driver-004,mouser,279LR1F47R
hbridge_driver-004,rs,148174
hbridge_driver-004,farnell,1738569
hbridge_driver-005,digikey,A104669CT-ND
hbridge_driver-005,mouser,279ROX2SJ1K0
hbridge_driver-005,rs,2141951
hbridge_driver-005,farnell,1738638
hbridge_driver-006,digikey,MFR-25FBF52-220R-ND
hbridge_driver-006,mouser,279LR1F220R
hbridge_driver-006,rs,148348
hbridge_driver-006,farnell,2330065
hbridge_driver-007,digikey,2019-CF1/2CT52R561JCT-ND
hbridge_driver-007,mouser,279CFR25J560R
hbridge_driver-007,rs,131227
hbridge_driver-007,farnell,2329690
hbridge_driver-008,digikey,BC1101CT-ND
hbridge_driver-008,mouser,594K104K15X7RF5TH5
hbridge_driver-008,rs,8523277
hbridge_driver-008,newark,73M2154
hbridge_driver-008,farnell,2395773
hbridge_driver-009,digikey,P5179-ND
hbridge_driver-009,mouser,667ECA1HM220
hbridge_driver-009,rs,2286880
hbridge_driver-009,farnell,9693777
hbridge_driver-010,digikey,RLB9012-330KL-ND
hbridge_driver-010,mouser,652RLB9012330KL
hbridge_driver-010,rs,8118853
hbridge_driver-010,newark,61J7916
hbridge_driver-010,farnell,2309242
hbridge_driver-011,digikey,455-2247-ND
hbridge_driver-011,rs,8201554
hbridge_driver-011,newark,73M9415
hbridge_driver-011,farnell,1516276
hbridge_driver-012,digikey,455-2249-ND
hbridge_driver-012,rs,8201551
hbridge_driver-012,farnell,1516278
hbridge_driver-013,digikey,A113320-ND
hbridge_driver-013,mouser,5712828372
hbridge_driver-013,rs,7100100
hbridge_driver-013,farnell,1784860
hbridge_driver-014,digikey,492-2284-ND
hbridge_driver-014,mouser,749ELM5065
Spikeling-V2-001,digikey,732-9580-1-ND
Spikeling-V2-001,mouser,710860160672002
Spikeling-V2-001,rs,8399351
Spikeling-V2-002,digikey,1116PHCT-ND
Spikeling-V2-002,mouser,80C901U102MYWDBAP
Spikeling-V2-002,rs,8773428
Spikeling-V2-002,farnell,2440191
Spikeling-V2-003,digikey,475-2649-ND
Spikeling-V2-003,mouser,720SFH203
Spikeling-V2-003,rs,247240
Spikeling-V2-004,digikey,350-2318-ND
Spikeling-V2-004,mouser,6455219901802F
Spikeling-V2-004,rs,8622872
Spikeling-V2-005,digikey,350-5218559F-ND
Spikeling-V2-005,mouser,6455218559F
Spikeling-V2-005,rs,8614307
Spikeling-V2-006,rs,9131009
Spikeling-V2-007,digikey,A105948CT-ND
Spikeling-V2-007,mouser,279LR1F10R
Spikeling-V2-007,rs,1251154
Spikeling-V2-008,digikey,A105946CT-ND
Spikeling-V2-008,mouser,279LR1F100R
Spikeling-V2-008,rs,1251155
Spikeling-V2-009,digikey,A105985CT-ND
Spikeling-V2-009,mouser,279CFR25J10K
Spikeling-V2-009,rs,131378
Spikeling-V2-010,digikey,PTV09A-4225F-B103-ND
Spikeling-V2-010,mouser,652PTV09A4225FB103
Spikeling-V2-010,rs,8274990
Spikeling-V2-011,digikey,450-1643-ND
Spikeling-V2-011,mouser,506FSM16JH
Spikeling-V2-011,rs,4791463
Spikeling-V2-012,digikey,SW407-ND
Spikeling-V2-012,mouser,653B3F3120
Spikeling-V2-012,rs,6866884
Spikeling-V2-014,mouser,579MCP3208BI/P
Spikeling-V2-014,rs,3792487
Spikeling-V2-014,farnell,1863934
Spikeling-V2-015,digikey,AE9992-ND
Spikeling-V2-015,rs,6742432
