line_id,candidate_seq,component_id,manufacturer,manufacturer_raw,mpn
ArdPromSD-001,1,part_fa2a632c5d818472,STMicroelectronics,STMicroelectronics,LD1117S33TR
ArdPromSD-002,1,part_06f4c00ba62b3ab2,Microchip Technology,Microchip Technology,ATMEGA32U4-AU
ArdPromSD-003,1,part_149117a8038b7260,Nexperia USA Inc.,Nexperia USA Inc.,"74LVC125APW,118"
ArdPromSD-004,1,part_b47d9cae93a420ab,Female Pin Header Generic 2x7 0.1in,Female Pin Header Generic 2x7 0.1in,PPTC072LFBN-RC
ArdPromSD-005,1,part_ee4a0f28273b56ff,GCT,GCT,MEM2075-00-140-01-A
ArdPromSD-006,1,part_b577ebacaeb5d0fe,Capacitor Generic,Capacitor Generic,CC0805ZRY5V9BB104
ArdPromSD-007,1,part_5ac44294daaa38cf,Capacitor Generic,Capacitor Generic,JMK107ABJ106MA-T
ArdPromSD-008,1,part_a68695f315fcc99b,Capacitor Generic,Capacitor Generic,885012007002
ArdPromSD-009,1,part_fe3f1ff70bb12cb1,Capacitor Generic,Capacitor Generic,CC0805KFX7R8BB105
ArdPromSD-010,1,part_7091539c92be76fe,Resistor Generic,Resistor Generic,RNCP0805FTD10K0
ArdPromSD-011,1,part_4f310d4a813b5bfe,Resistor Generic,Resistor Generic,RNCP0805FTD1K00
ArdPromSD-012,1,part_bce30b1cb108e46f,Resistor Generic,Resistor Generic,RK73H2ATTD22R0F
ArdPromSD-013,1,part_a953c52d69940580,Resistor Generic,Resistor Generic,RC0805FR-103K3L
ArdPromSD-014,1,part_ee502ca7e95886d0,OSRAM Opto (ams OSRAM),OSRAM Opto (ams OSRAM),LG R971-KN-1
ArdPromSD-015,1,part_e6efca5f90bbbd4a,OSRAM Opto (ams OSRAM),OSRAM Opto (ams OSRAM),LS R976-NR-1
ArdPromSD-016,1,part_7186822e28a84f41,Eaton - Electronics Division,Eaton - Electronics Division,PTS08056V050
ArdPromSD-017,1,part_3690988c9fc7041b,CUI Devices,CUI Devices,TS04-66-70-BK-100-SMT
ArdPromSD-018,1,part_03cf90d47e25f422,EPSON,EPSON,TSX-3225 16.0000MF10U-B3
Glasgow_revC3-001,1,part_4a0d9c611b1ca56c,Taiyo Yuden,Taiyo Yuden,LMK107BJ475KAHT
Glasgow_revC3-002,1,part_bbd4b99575843a13,Yageo,Yageo,AC0402CRNPO9BN9R0
Glasgow_revC3-003,1,part_16eb5ee0be0faa6d,Taiyo Yuden,Taiyo Yuden,TMK105BJ104KV-F
Glasgow_revC3-004,1,part_358355c8e133c558,KEMET,KEMET,A765EB157M1ALAE022
Glasgow_revC3-005,1,part_f9af9efcf45f99d9,Murata Electronics,Murata,GCM1555C1H102JA16J
Glasgow_revC3-006,1,part_a25f7adea3f975ea,Foshan NationStar Optoelectronics,Foshan NationStar Optoelectronics,NCD0603G1
Glasgow_revC3-007,1,part_12a0a793ad03e711,ON Semiconductor,ON Semiconductor,ESD5Z5.0T1G
Glasgow_revC3-008,1,part_36f20875c50fcf06,Bourns,Bourns,CDSOD323-T36S
Glasgow_revC3-009,1,part_789894b03e9dc288,Diodes Inc.,Diodes Inc.,BAT54CW-7-F
Glasgow_revC3-010,1,part_20a13c470018ddb4,Foshan NationStar Optoelectronics,Foshan NationStar Optoelectronics,NCD0603W1
Glasgow_revC3-011,1,part_19bbcd54c4c03cce,Littlefuse,Littlefuse,SP3012-06UTG
Glasgow_revC3-012,1,part_8c7148c1e5619e24,Diodes Inc.,Diodes Inc.,BAT54AW-7-F
Glasgow_revC3-013,1,part_de007cb8e164a613,Orient,Orient,ORH-B36G
Glasgow_revC3-014,1,part_2fc43a9102d4d448,Foshan NationStar Optoelectronics,Foshan NationStar Optoelectronics,NCD0603O1
Glasgow_revC3-015,1,part_ab8e253d1b95581b,Foshan NationStar Optoelectronics,Foshan NationStar Optoelectronics,NCD0603R1
Glasgow_revC3-016,1,part_f6d12ed1da687488,Optosupply,Optosupply,OSK40603C1E
Glasgow_revC3-017,1,part_2022034bbd4bb103,Murata Electronics,Murata Electronics,BLM15PX601SZ1D
Glasgow_revC3-018,1,part_de7e9088c7554822,Korean Hroparts Elec,Korean Hroparts Elec,TYPE-C-31-M-12
Glasgow_revC3-019,1,part_398b6048996735e1,Molex,Molex,87834-2019
Glasgow_revC3-020,1,part_959b558eb701d2c3,Molex,Molex,22-05-3021
Glasgow_revC3-021,1,part_ed2353e6d21c08bc,Samtec Inc.,Samtec Inc.,FTS-122-01-L-DV
Glasgow_revC3-022,1,part_3b9355c297cd3387,Yageo,Yageo,RC0402FR-132K2L
Glasgow_revC3-023,1,part_8bb6a0155ded220a,Yageo,Yageo,RC0402FR-1310KL
Glasgow_revC3-025,1,part_86a0e3199a2a0852,Yageo,Yageo,RC0402FR-13100KL
Glasgow_revC3-026,1,part_180f2f852932556d,Yageo,Yageo,RC0402FR-074R7L
Glasgow_revC3-027,1,part_1e84dd7fbfd4cd92,Yageo,Yageo,RC0402FR-13100RL
Glasgow_revC3-028,1,part_0f85cef4fbb95fcc,Yageo,Yageo,RC0402FR-1349K9L
Glasgow_revC3-029,1,part_5cce83a83e1869cd,Yageo,Yageo,RC0402FR-1359KL
Glasgow_revC3-030,1,part_0d812133ed20883e,Yageo,Yageo,RC0402FR-1324K3L
Glasgow_revC3-031,1,part_257770304ad5174a,Yageo,Yageo,RC0402FR-1347RL
Glasgow_revC3-032,1,part_adae594a7eeff76c,Yageo,Yageo,RC0402FR-1320KL
Glasgow_revC3-033,1,part_f5083357305d5396,Ohmite,Ohmite,KDV06FR150ET
Glasgow_revC3-034,1,part_d465b8ee309bd2e2,Yageo,Yageo,RC0402FR-075K1L
Glasgow_revC3-035,1,part_ef8f00617131612e,Ohmite,Ohmite,KDV06FR330ET
Glasgow_revC3-036,1,part_5a5d43f060a15579,Yageo,Yageo,RC0402FR-07470RL
Glasgow_revC3-037,1,part_090563fa19cac207,Yageo,Yageo,YC124-JR-0710KL
Glasgow_revC3-038,1,part_9e327d14f3058d2a,Yageo,Yageo,YC124-JR-1333RL
Glasgow_revC3-039,1,part_ed7baef39124f4c2,XKB,XKB,TC-1109DE-B-F
Glasgow_revC3-040,1,part_ea185454ec936f25,Cypress,Cypress,CY7C68013A-56LTXC
Glasgow_revC3-041,1,part_4ed0cfad99aeaa87,Texas Instruments,Texas Instruments,TPD3S014DBVR
Glasgow_revC3-042,1,part_b89eb3ec004efc5b,NXP,NXP,PCA6408APW
Glasgow_revC3-043,1,part_22d61180a338f699,ON Semiconductor,ON Semiconductor,CAT24M01YI−GT3
Glasgow_revC3-044,1,part_1df5c3086969c042,Texas Instruments,Texas Instruments,DAC081C081CIMK/NOPB
Glasgow_revC3-045,1,part_7c300f2bc8762f3d,Texas Instruments,Texas Instruments,INA233AIDGSR
Glasgow_revC3-046,1,part_bc0bcb6e4dc99182,BL(Shanghai Belling),BL(Shanghai Belling),BL24C256A-SFRC
Glasgow_revC3-047,1,part_a65cd6eba6e6038e,Lattice Semiconductor Corporation,Lattice Semiconductor Corporation,ICE40HX8K-BG121
Glasgow_revC3-048,1,part_59921b592fe815de,Texas Instruments,Texas Instruments,TPS73101DBVR
Glasgow_revC3-049,1,part_7eafabef072d79ec,Texas Instruments,Texas Instruments,SN74LVC1T45DCKR
Glasgow_revC3-050,1,part_7c61b6f42dee200b,Texas Instruments,Texas Instruments,TLV73312PQDRVRQ1
Glasgow_revC3-051,1,part_e12439df02ca73f0,Diodes Incorporated,Diodes Incorporated,APX811-40UG-7
Glasgow_revC3-052,1,part_d93138c5a249e17b,Texas Instruments,Texas Instruments,TLV75533PDRVR
Glasgow_revC3-053,1,part_06ab1b1b14418065,JWT,JWT,JF4024M00009T8188070
PCB-Stimulator-001,1,part_48bc18bd791a302b,Adafruit Industries,Adafruit Industries,3405
PCB-Stimulator-002,1,part_c1218ca2e6f8bf65,Adafruit Industries,Adafruit Industries,1429
PCB-Stimulator-003,1,part_bf10f35715b24e43,TE Connectivity,TE,1-1337542-0
PCB-Stimulator-003,2,part_bf10f35715b24e43,TE Connectivity,TE Connectivity,1-1337542-0
PCB-Stimulator-004,1,part_813126b820f877cb,JST,JST,XHP-2
PCB-Stimulator-005,1,part_b36316f396c2691f,JST,JST,XHP-3
PCB-Stimulator-006,1,part_2e5623d80b8b41b9,JST,JST,XHP-4
PCB-Stimulator-007,1,part_fafb3ac786767f64,JST,JST,B2B-XH-A(LF)(SN)
PCB-Stimulator-008,1,part_2de94964afd5eeea,JST,JST,B3B-XH-A(LF)(SN)
PCB-Stimulator-009,1,part_3159c786d6983c52,JST,JST,B4B-XH-A(LF)(SN)
PCB-Stimulator-010,1,part_7a40244081f2108f,JST,JST,01SHXSXH-26L 150
PCB-Stimulator-010,2,part_2c23040559466a64,JST,JST,ASXHSXH22K305
PCB-Stimulator-011,1,part_007bc9f269f1daf4,Dialight,Dialight,5219210F
PCB-Stimulator-012,1,part_4a771c4293dbb3fb,Lumex,Lumex,SSH-LX3050
PCB-Stimulator-013,1,part_6702f27d2b4ba574,Lumex,Lumex,SSH-LX5091
PCB-Stimulator-015,1,part_ea9dc65c521733ea,RS Pro,RS Pro,707-7612
PCB-Stimulator-015,2,part_93aea8ad8ae95369,RS Pro,RS Pro,7077612
PCB-Stimulator-016,1,part_d43c367a402aa887,RS Pro,RS Pro,707-7647
PCB-Stimulator-016,2,part_677cb3e53a879e9f,RS Pro,RS Pro,7077647
PCB-Stimulator-016,3,part_06ec62d95082cd3d,Viking Tech,Viking Tech,RS-CARBON-470R-5%-0.25W
PCB-Stimulator-017,1,part_b0bcdcfc0abc0a15,Samtec Inc.,Samtec,SSW-116-02-G-S
PCB-Stimulator-018,1,part_11ba7871ce1bc9d4,RS Pro,RS Pro,884-0957
PCB-Stimulator-018,2,part_99cfe85c528cc174,RS Pro,RS Pro,8840957
PCB-Stimulator-018,3,part_9297cecb39c69aaf,Cliff,Cliff,FC681478
hbridge_driver-001,1,part_dfcebffe42ac7270,Microchip Technology,Microchip,TC4420CPA
hbridge_driver-001,2,part_c7f11bdba1ca02f4,Microchip Technology,Microchip,TC4420EPA
hbridge_driver-002,1,part_4e63651aaf22b5b8,Infineon,Infineon,IRF4905PBF
hbridge_driver-002,2,part_76fd940fe7592f3d,Infineon,Infineon,IRF9Z34NPBF
hbridge_driver-003,1,part_c428909991862e40,Infineon,Infineon,IRFZ44NPbF
hbridge_driver-003,2,part_5725d47413e860c4,Infineon,Infineon,IRFZ44NPBF
hbridge_driver-004,1,part_ea52bad34e0abb2c,TE Connectivity,TE Connectivity,LR1F47R
hbridge_driver-004,2,part_5a5dae0643035819,TE Connectivity,TE Connectivity,ROX1SJ47R
hbridge_driver-005,1,part_3344ba8e9a6121cd,TE Connectivity,TE Connectivity,CFR16J1K0
hbridge_driver-005,2,part_8ce1bce925367d0b,TE Connectivity,TE Connectivity,ROX2SJ1K0
hbridge_driver-006,1,part_30df07fba639f10c,Yageo,Yageo,MFR-25FBF52-220R
hbridge_driver-006,2,part_b3d4684c3a61a3e5,TE Connectivity,TE Connectivity,LR1F220R
hbridge_driver-007,1,part_54d05b093b14943f,TE Connectivity,TE Connectivity,CFR25J560R
hbridge_driver-007,2,part_45403a1b6fa49e33,KOA Speer,KOA Speer,CF1/2CT52R561J
hbridge_driver-008,1,part_8d8dd810f1438ca6,Multicomp,Multicomp,MCFYU6104Z6
hbridge_driver-008,2,part_a483ce85b76ab39b,KEMET,KEMET,C052C104K5R5CA
hbridge_driver-008,3,part_757b1b3434e2d2f9,KEMET,KEMET,C052K104K5X5CA
hbridge_driver-008,4,part_5bc691749d0bb9ae,KEMET,KEMET,C052T104K5X5CS
hbridge_driver-008,5,part_9d882e4678f632b1,KEMET,KEMET,C321C104K5R5HA
hbridge_driver-008,6,part_07999131a89359fc,KEMET,KEMET,CK05BX104K
hbridge_driver-008,7,part_b544e35b5f4a9f14,Vishay,Vishay,K104K15X7RF5TH5
hbridge_driver-008,8,part_dc273baa97d54e36,Vishay,Vishay,K104Z15Y5VF5TL2
hbridge_driver-008,9,part_4626db52db17812e,Multicomp,Multicomp,MC0805B104K500A5.08MM
hbridge_driver-009,1,part_9582246425b74c0d,Panasonic,Panasonic,ECA-1HM220
hbridge_driver-010,1,part_7a62639b126206af,Bourns,Bourns,RLB0914-330KL
hbridge_driver-010,2,part_9354945c29c25245,Bourns,Bourns,RLB9012-330KL
hbridge_driver-011,1,part_cdda8b8dbde4161d,JST,JST,B2B-XH-A (LF)(SN)
hbridge_driver-011,2,part_fafb3ac786767f64,JST,JST,B2B-XH-A(LF)(SN)
hbridge_driver-012,1,part_67ee12b421965e6a,JST,JST,B4B-XH-A (LF)(SN)
hbridge_driver-012,2,part_3159c786d6983c52,JST,JST,B4B-XH-A(LF)(SN)
hbridge_driver-013,1,part_fc430e3ffa1f04af,RS Pro,RS Pro,494-8906
hbridge_driver-013,2,part_a0448cd4f9b48a18,TE Connectivity,TE Connectivity,282837-2
hbridge_driver-013,3,part_86743ed587876718,RS Pro,RS Pro,4948906
hbridge_driver-014,1,part_8fa2291041efa585,Bivar Inc,Bivar Inc,ELM 5-065
hbridge_driver-014,2,part_8fa2291041efa585,Bivar Inc,Bivar,ELM 5-065
hbridge_driver-015,1,part_8d4055c37b083b20,JST,JST,ASXHSXH22K254
hbridge_driver-016,1,part_813126b820f877cb,JST,JST,XHP-2
hbridge_driver-017,1,part_2e5623d80b8b41b9,JST,JST,XHP-4
Spikeling-V2-001,1,part_cb3845f179724d25,Wurth Elektronik,Wurth Elektronik,860160672002
Spikeling-V2-002,1,part_dab17f1ead368c98,KEMET,KEMET,C901U102MYWDBA7317
Spikeling-V2-002,2,part_e373763d4d095b7a,Vishay,Vishay,A102K15X7RH5TAA
Spikeling-V2-003,1,part_cb70ee9a3a4c0a32,Osram Opto,Osram Opto,SFH 203
Spikeling-V2-004,1,part_f3e12a5c4d8f981a,Kingbright,Kingbright,L-34QBC-D
Spikeling-V2-004,2,part_10f535e8ee09b468,Dialight,Dialight,521-9901-802F
Spikeling-V2-005,1,part_48dbb0b9d434429c,Kingbright,Kingbright,L-154A4SURKQBDZGW
Spikeling-V2-006,1,part_916d275f1d367405,RS Pro,RS Pro,9131009
Spikeling-V2-007,1,part_9ed9320128140354,TE Connectivity,TE Connectivity,LR1F10R
Spikeling-V2-008,1,part_f764d26793716e6d,TE Connectivity,TE Connectivity,LR1F100R
Spikeling-V2-009,1,part_429ae00b9c37d5b9,TE Connectivity,TE Connectivity,CFR25J10K
Spikeling-V2-010,1,part_df2129c9a269c340,Bourns,Bourns,PTV09A-4225F-B103
Spikeling-V2-011,1,part_77571d40cccffabc,TE Connectivity,TE Connectivity,3-1825910-1
Spikeling-V2-012,1,part_5da5e59b29b54440,Omron,Omron,B3F-3120
Spikeling-V2-014,1,part_8f13c464fe2758c3,Microchip Technology,Microchip,MCP3208-BI/P
Spikeling-V2-015,1,part_a189ec5b07d4e3a8,ASSMANN WSW Components,ASSMANN WSW Components,A 16-LC-TT
