component_id,manufacturer,mpn,identity_status,used_by_count
part_a189ec5b07d4e3a8,ASSMANN WSW Components,A 16-LC-TT,source_asserted,1
part_c1218ca2e6f8bf65,Adafruit Industries,1429,source_asserted,1
part_48bc18bd791a302b,Adafruit Industries,3405,source_asserted,1
part_bc0bcb6e4dc99182,BL(Shanghai Belling),BL24C256A-SFRC,source_asserted,1
part_8fa2291041efa585,Bivar Inc,ELM 5-065,source_asserted,2
part_36f20875c50fcf06,Bourns,CDSOD323-T36S,source_asserted,1
part_df2129c9a269c340,Bourns,PTV09A-4225F-B103,source_asserted,1
part_7a62639b126206af,Bourns,RLB0914-330KL,source_asserted,1
part_9354945c29c25245,Bourns,RLB9012-330KL,source_asserted,1
part_3690988c9fc7041b,CUI Devices,TS04-66-70-BK-100-SMT,source_asserted,1
part_a68695f315fcc99b,Capacitor Generic,885012007002,source_asserted,1
part_fe3f1ff70bb12cb1,Capacitor Generic,CC0805KFX7R8BB105,source_asserted,1
part_b577ebacaeb5d0fe,Capacitor Generic,CC0805ZRY5V9BB104,source_asserted,1
part_5ac44294daaa38cf,Capacitor Generic,JMK107ABJ106MA-T,source_asserted,1
part_9297cecb39c69aaf,Cliff,FC681478,source_asserted,1
part_ea185454ec936f25,Cypress,CY7C68013A-56LTXC,source_asserted,1
part_10f535e8ee09b468,Dialight,521-9901-802F,source_asserted,1
part_007bc9f269f1daf4,Dialight,5219210F,source_asserted,1
part_8c7148c1e5619e24,Diodes Inc.,BAT54AW-7-F,source_asserted,1
part_789894b03e9dc288,Diodes Inc.,BAT54CW-7-F,source_asserted,1
part_e12439df02ca73f0,Diodes Incorporated,APX811-40UG-7,source_asserted,1
part_03cf90d47e25f422,EPSON,TSX-3225 16.0000MF10U-B3,source_asserted,1
part_7186822e28a84f41,Eaton - Electronics Division,PTS08056V050,source_asserted,1
part_b47d9cae93a420ab,Female Pin Header Generic 2x7 0.1in,PPTC072LFBN-RC,source_asserted,1
part_a25f7adea3f975ea,Foshan NationStar Optoelectronics,NCD0603G1,source_asserted,1
part_2fc43a9102d4d448,Foshan NationStar Optoelectronics,NCD0603O1,source_asserted,1
part_ab8e253d1b95581b,Foshan NationStar Optoelectronics,NCD0603R1,source_asserted,1
part_20a13c470018ddb4,Foshan NationStar Optoelectronics,NCD0603W1,source_asserted,1
part_ee4a0f28273b56ff,GCT,MEM2075-00-140-01-A,source_asserted,1
part_4e63651aaf22b5b8,Infineon,IRF4905PBF,source_asserted,1
part_76fd940fe7592f3d,Infineon,IRF9Z34NPBF,source_asserted,1
part_5725d47413e860c4,Infineon,IRFZ44NPBF,source_asserted,1
part_c428909991862e40,Infineon,IRFZ44NPbF,source_asserted,1
part_7a40244081f2108f,JST,01SHXSXH-26L 150,source_asserted,1
part_8d4055c37b083b20,JST,ASXHSXH22K254,source_asserted,1
part_2c23040559466a64,JST,ASXHSXH22K305,source_asserted,1
part_cdda8b8dbde4161d,JST,B2B-XH-A (LF)(SN),source_asserted,1
part_fafb3ac786767f64,JST,B2B-XH-A(LF)(SN),source_asserted,2
part_2de94964afd5eeea,JST,B3B-XH-A(LF)(SN),source_asserted,1
part_67ee12b421965e6a,JST,B4B-XH-A (LF)(SN),source_asserted,1
part_3159c786d6983c52,JST,B4B-XH-A(LF)(SN),source_asserted,2
part_813126b820f877cb,JST,XHP-2,source_asserted,2
part_b36316f396c2691f,JST,XHP-3,source_asserted,1
part_2e5623d80b8b41b9,JST,XHP-4,source_asserted,2
part_06ab1b1b14418065,JWT,JF4024M00009T8188070,source_asserted,1
part_358355c8e133c558,KEMET,A765EB157M1ALAE022,source_asserted,1
part_a483ce85b76ab39b,KEMET,C052C104K5R5CA,source_asserted,1
part_757b1b3434e2d2f9,KEMET,C052K104K5X5CA,source_asserted,1
part_5bc691749d0bb9ae,KEMET,C052T104K5X5CS,source_asserted,1
part_9d882e4678f632b1,KEMET,C321C104K5R5HA,source_asserted,1
part_dab17f1ead368c98,KEMET,C901U102MYWDBA7317,source_asserted,1
part_07999131a89359fc,KEMET,CK05BX104K,source_asserted,1
part_45403a1b6fa49e33,KOA Speer,CF1/2CT52R561J,source_asserted,1
part_48dbb0b9d434429c,Kingbright,L-154A4SURKQBDZGW,source_asserted,1
part_f3e12a5c4d8f981a,Kingbright,L-34QBC-D,source_asserted,1
part_de7e9088c7554822,Korean Hroparts Elec,TYPE-C-31-M-12,source_asserted,1
part_a65cd6eba6e6038e,Lattice Semiconductor Corporation,ICE40HX8K-BG121,source_asserted,1
part_19bbcd54c4c03cce,Littlefuse,SP3012-06UTG,source_asserted,1
part_4a771c4293dbb3fb,Lumex,SSH-LX3050,source_asserted,1
part_6702f27d2b4ba574,Lumex,SSH-LX5091,source_asserted,1
part_06f4c00ba62b3ab2,Microchip Technology,ATMEGA32U4-AU,source_asserted,1
part_8f13c464fe2758c3,Microchip Technology,MCP3208-BI/P,source_asserted,1
part_dfcebffe42ac7270,Microchip Technology,TC4420CPA,source_asserted,1
part_c7f11bdba1ca02f4,Microchip Technology,TC4420EPA,source_asserted,1
part_959b558eb701d2c3,Molex,22-05-3021,source_asserted,1
part_398b6048996735e1,Molex,87834-2019,source_asserted,1
part_4626db52db17812e,Multicomp,MC0805B104K500A5.08MM,source_asserted,1
part_8d8dd810f1438ca6,Multicomp,MCFYU6104Z6,source_asserted,1
part_2022034bbd4bb103,Murata Electronics,BLM15PX601SZ1D,source_asserted,1
part_f9af9efcf45f99d9,Murata Electronics,GCM1555C1H102JA16J,source_asserted,1
part_b89eb3ec004efc5b,NXP,PCA6408APW,source_asserted,1
part_149117a8038b7260,Nexperia USA Inc.,"74LVC125APW,118",source_asserted,1
part_22d61180a338f699,ON Semiconductor,CAT24M01YI−GT3,source_asserted,1
part_12a0a793ad03e711,ON Semiconductor,ESD5Z5.0T1G,source_asserted,1
part_ee502ca7e95886d0,OSRAM Opto (ams OSRAM),LG R971-KN-1,source_asserted,1
part_e6efca5f90bbbd4a,OSRAM Opto (ams OSRAM),LS R976-NR-1,source_asserted,1
part_f5083357305d5396,Ohmite,KDV06FR150ET,source_asserted,1
part_ef8f00617131612e,Ohmite,KDV06FR330ET,source_asserted,1
part_5da5e59b29b54440,Omron,B3F-3120,source_asserted,1
part_f6d12ed1da687488,Optosupply,OSK40603C1E,source_asserted,1
part_de007cb8e164a613,Orient,ORH-B36G,source_asserted,1
part_cb70ee9a3a4c0a32,Osram Opto,SFH 203,source_asserted,1
part_9582246425b74c0d,Panasonic,ECA-1HM220,source_asserted,1
part_fc430e3ffa1f04af,RS Pro,494-8906,source_asserted,1
part_86743ed587876718,RS Pro,4948906,source_asserted,1
part_ea9dc65c521733ea,RS Pro,707-7612,source_asserted,1
part_d43c367a402aa887,RS Pro,707-7647,source_asserted,1
part_93aea8ad8ae95369,RS Pro,7077612,source_asserted,1
part_677cb3e53a879e9f,RS Pro,7077647,source_asserted,1
part_11ba7871ce1bc9d4,RS Pro,884-0957,source_asserted,1
part_99cfe85c528cc174,RS Pro,8840957,source_asserted,1
part_916d275f1d367405,RS Pro,9131009,source_asserted,1
part_a953c52d69940580,Resistor Generic,RC0805FR-103K3L,source_asserted,1
part_bce30b1cb108e46f,Resistor Generic,RK73H2ATTD22R0F,source_asserted,1
part_7091539c92be76fe,Resistor Generic,RNCP0805FTD10K0,source_asserted,1
part_4f310d4a813b5bfe,Resistor Generic,RNCP0805FTD1K00,source_asserted,1
part_fa2a632c5d818472,STMicroelectronics,LD1117S33TR,source_asserted,1
part_ed2353e6d21c08bc,Samtec Inc.,FTS-122-01-L-DV,source_asserted,1
part_b0bcdcfc0abc0a15,Samtec Inc.,SSW-116-02-G-S,source_asserted,1
part_bf10f35715b24e43,TE Connectivity,1-1337542-0,source_asserted,2
part_a0448cd4f9b48a18,TE Connectivity,282837-2,source_asserted,1
part_77571d40cccffabc,TE Connectivity,3-1825910-1,source_asserted,1
part_3344ba8e9a6121cd,TE Connectivity,CFR16J1K0,source_asserted,1
part_429ae00b9c37d5b9,TE Connectivity,CFR25J10K,source_asserted,1
part_54d05b093b14943f,TE Connectivity,CFR25J560R,source_asserted,1
part_f764d26793716e6d,TE Connectivity,LR1F100R,source_asserted,1
part_9ed9320128140354,TE Connectivity,LR1F10R,source_asserted,1
part_b3d4684c3a61a3e5,TE Connectivity,LR1F220R,source_asserted,1
part_ea52bad34e0abb2c,TE Connectivity,LR1F47R,source_asserted,1
part_5a5dae0643035819,TE Connectivity,ROX1SJ47R,source_asserted,1
part_8ce1bce925367d0b,TE Connectivity,ROX2SJ1K0,source_asserted,1
part_4a0d9c611b1ca56c,Taiyo Yuden,LMK107BJ475KAHT,source_asserted,1
part_16eb5ee0be0faa6d,Taiyo Yuden,TMK105BJ104KV-F,source_asserted,1
part_1df5c3086969c042,Texas Instruments,DAC081C081CIMK/NOPB,source_asserted,1
part_7c300f2bc8762f3d,Texas Instruments,INA233AIDGSR,source_asserted,1
part_7eafabef072d79ec,Texas Instruments,SN74LVC1T45DCKR,source_asserted,1
part_7c61b6f42dee200b,Texas Instruments,TLV73312PQDRVRQ1,source_asserted,1
part_d93138c5a249e17b,Texas Instruments,TLV75533PDRVR,source_asserted,1
part_4ed0cfad99aeaa87,Texas Instruments,TPD3S014DBVR,source_asserted,1
part_59921b592fe815de,Texas Instruments,TPS73101DBVR,source_asserted,1
part_06ec62d95082cd3d,Viking Tech,RS-CARBON-470R-5%-0.25W,source_asserted,1
part_e373763d4d095b7a,Vishay,A102K15X7RH5TAA,source_asserted,1
part_b544e35b5f4a9f14,Vishay,K104K15X7RF5TH5,source_asserted,1
part_dc273baa97d54e36,Vishay,K104Z15Y5VF5TL2,source_asserted,1
part_cb3845f179724d25,Wurth Elektronik,860160672002,source_asserted,1
part_ed7baef39124f4c2,XKB,TC-1109DE-B-F,source_asserted,1
part_bbd4b99575843a13,Yageo,AC0402CRNPO9BN9R0,source_asserted,1
part_30df07fba639f10c,Yageo,MFR-25FBF52-220R,source_asserted,1
part_5a5d43f060a15579,Yageo,RC0402FR-07470RL,source_asserted,1
part_180f2f852932556d,Yageo,RC0402FR-074R7L,source_asserted,1
part_d465b8ee309bd2e2,Yageo,RC0402FR-075K1L,source_asserted,1
part_86a0e3199a2a0852,Yageo,RC0402FR-13100KL,source_asserted,1
part_1e84dd7fbfd4cd92,Yageo,RC0402FR-13100RL,source_asserted,1
part_8bb6a0155ded220a,Yageo,RC0402FR-1310KL,source_asserted,1
part_adae594a7eeff76c,Yageo,RC0402FR-1320KL,source_asserted,1
part_0d812133ed20883e,Yageo,RC0402FR-1324K3L,source_asserted,1
part_3b9355c297cd3387,Yageo,RC0402FR-132K2L,source_asserted,1
part_257770304ad5174a,Yageo,RC0402FR-1347RL,source_asserted,1
part_0f85cef4fbb95fcc,Yageo,RC0402FR-1349K9L,source_asserted,1
part_5cce83a83e1869cd,Yageo,RC0402FR-1359KL,source_asserted,1
part_090563fa19cac207,Yageo,YC124-JR-0710KL,source_asserted,1
part_9e327d14f3058d2a,Yageo,YC124-JR-1333RL,source_asserted,1
