Reference,Item,Sheet File,Sheet Path,Lib ID,Value,Footprint,Manufacturer,Manufacturer Part Number,DNP,Symbol UUID
C1,1,frontend.kicad_sch,/00000000-0000-0000-0000-0000503bb638,Device:C,33pF,hackrf:GSG-0402,Samsung,CL05C330JB5NNNC,,00000000-0000-0000-0000-00004faecb99
C2,2,frontend.kicad_sch,/00000000-0000-0000-0000-0000503bb638,Device:C,10nF,hackrf:GSG-0402,Samsung,CL05B103KB5NNNC,,00000000-0000-0000-0000-00004faecba0
C3,1,frontend.kicad_sch,/00000000-0000-0000-0000-0000503bb638,Device:C,33pF,hackrf:GSG-0402,Samsung,CL05C330JB5NNNC,,00000000-0000-0000-0000-00004faecbb6
C4,2,frontend.kicad_sch,/00000000-0000-0000-0000-0000503bb638,Device:C,10nF,hackrf:GSG-0402,Samsung,CL05B103KB5NNNC,,00000000-0000-0000-0000-00004faecbb5
C5,1,frontend.kicad_sch,/00000000-0000-0000-0000-0000503bb638,Device:C,33pF,hackrf:GSG-0402,Samsung,CL05C330JB5NNNC,,00000000-0000-0000-0000-00004faecbb9
C6,2,frontend.kicad_sch,/00000000-0000-0000-0000-0000503bb638,Device:C,10nF,hackrf:GSG-0402,Samsung,CL05B103KB5NNNC,,00000000-0000-0000-0000-00004faecbba
C7,1,frontend.kicad_sch,/00000000-0000-0000-0000-0000503bb638,Device:C,33pF,hackrf:GSG-0402,Samsung,CL05C330JB5NNNC,,00000000-0000-0000-0000-0000501f4788
C8,3,frontend.kicad_sch,/00000000-0000-0000-0000-0000503bb638,Device:C,22pF,hackrf:GSG-0402,Samsung,CL05C220JB5NNNC,,00000000-0000-0000-0000-0000501ef782
C9,4,frontend.kicad_sch,/00000000-0000-0000-0000-0000503bb638,Device:C,100nF,hackrf:GSG-0402,Samsung,CL05A104KA5NNNC,,00000000-0000-0000-0000-0000502b53a4
C10,2,frontend.kicad_sch,/00000000-0000-0000-0000-0000503bb638,Device:C,10nF,hackrf:GSG-0402,Samsung,CL05B103KB5NNNC,,00000000-0000-0000-0000-0000502e6efb
C11,1,frontend.kicad_sch,/00000000-0000-0000-0000-0000503bb638,Device:C,33pF,hackrf:GSG-0402,Samsung,CL05C330JB5NNNC,,00000000-0000-0000-0000-0000501f46a8
C12,5,frontend.kicad_sch,/00000000-0000-0000-0000-0000503bb638,Device:C,330pF,hackrf:GSG-0402,Samsung,CL05C331JB5NNNC,,00000000-0000-0000-0000-00004faec84d
C13,5,frontend.kicad_sch,/00000000-0000-0000-0000-0000503bb638,Device:C,330pF,hackrf:GSG-0402,Samsung,CL05C331JB5NNNC,,00000000-0000-0000-0000-00004faec853
C14,6,frontend.kicad_sch,/00000000-0000-0000-0000-0000503bb638,Device:C,8p2,hackrf:GSG-0402,Yageo,CC0402CRNPO9BN8R2,,00000000-0000-0000-0000-00004faec8ad
C15,7,frontend.kicad_sch,/00000000-0000-0000-0000-0000503bb638,Device:C,180pF,hackrf:GSG-0402,Yageo,CC0402JRNPO9BN181,,00000000-0000-0000-0000-00004faec8b0
C16,2,frontend.kicad_sch,/00000000-0000-0000-0000-0000503bb638,Device:C,10nF,hackrf:GSG-0402,Samsung,CL05B103KB5NNNC,,00000000-0000-0000-0000-0000501f4793
C17,4,frontend.kicad_sch,/00000000-0000-0000-0000-0000503bb638,Device:C,100nF,hackrf:GSG-0402,Samsung,CL05A104KA5NNNC,,00000000-0000-0000-0000-0000501f41bb
C18,4,frontend.kicad_sch,/00000000-0000-0000-0000-0000503bb638,Device:C,100nF,hackrf:GSG-0402,Samsung,CL05A104KA5NNNC,,00000000-0000-0000-0000-0000501f41b9
C19,2,frontend.kicad_sch,/00000000-0000-0000-0000-0000503bb638,Device:C,10nF,hackrf:GSG-0402,Samsung,CL05B103KB5NNNC,,00000000-0000-0000-0000-0000502e6f8b
C20,4,frontend.kicad_sch,/00000000-0000-0000-0000-0000503bb638,Device:C,100nF,hackrf:GSG-0402,Samsung,CL05A104KA5NNNC,,00000000-0000-0000-0000-0000501f41bd
C21,3,frontend.kicad_sch,/00000000-0000-0000-0000-0000503bb638,Device:C,22pF,hackrf:GSG-0402,Samsung,CL05C220JB5NNNC,,00000000-0000-0000-0000-0000501ef768
C22,2,frontend.kicad_sch,/00000000-0000-0000-0000-0000503bb638,Device:C,10nF,hackrf:GSG-0402,Samsung,CL05B103KB5NNNC,,00000000-0000-0000-0000-0000502b4779
C23,4,frontend.kicad_sch,/00000000-0000-0000-0000-0000503bb638,Device:C,100nF,hackrf:GSG-0402,Samsung,CL05A104KA5NNNC,,00000000-0000-0000-0000-0000502b4c6f
C24,1,frontend.kicad_sch,/00000000-0000-0000-0000-0000503bb638,Device:C,33pF,hackrf:GSG-0402,Samsung,CL05C330JB5NNNC,,00000000-0000-0000-0000-0000502e6f11
C25,4,frontend.kicad_sch,/00000000-0000-0000-0000-0000503bb638,Device:C,100nF,hackrf:GSG-0402,Samsung,CL05A104KA5NNNC,,00000000-0000-0000-0000-0000503bb2bd
C26,8,frontend.kicad_sch,/00000000-0000-0000-0000-0000503bb638,Device:C,47pF,hackrf:GSG-0402,Samsung,CL05C470JB5NNNC,,00000000-0000-0000-0000-00004faa149b
C27,8,frontend.kicad_sch,/00000000-0000-0000-0000-0000503bb638,Device:C,47pF,hackrf:GSG-0402,Samsung,CL05C470JB5NNNC,,00000000-0000-0000-0000-0000501ef311
C28,4,frontend.kicad_sch,/00000000-0000-0000-0000-0000503bb638,Device:C,100nF,hackrf:GSG-0402,Samsung,CL05A104KA5NNNC,,00000000-0000-0000-0000-0000502b477a
C29,1,frontend.kicad_sch,/00000000-0000-0000-0000-0000503bb638,Device:C,33pF,hackrf:GSG-0402,Samsung,CL05C330JB5NNNC,,00000000-0000-0000-0000-0000502e6fee
C30,2,frontend.kicad_sch,/00000000-0000-0000-0000-0000503bb638,Device:C,10nF,hackrf:GSG-0402,Samsung,CL05B103KB5NNNC,,00000000-0000-0000-0000-00004faa0c67
C31,4,frontend.kicad_sch,/00000000-0000-0000-0000-0000503bb638,Device:C,100nF,hackrf:GSG-0402,Samsung,CL05A104KA5NNNC,,00000000-0000-0000-0000-0000502b56c2
C32,3,frontend.kicad_sch,/00000000-0000-0000-0000-0000503bb638,Device:C,22pF,hackrf:GSG-0402,Samsung,CL05C220JB5NNNC,,00000000-0000-0000-0000-0000502b571f
C33,1,frontend.kicad_sch,/00000000-0000-0000-0000-0000503bb638,Device:C,33pF,hackrf:GSG-0402,Samsung,CL05C330JB5NNNC,,00000000-0000-0000-0000-0000502b4780
C34,1,frontend.kicad_sch,/00000000-0000-0000-0000-0000503bb638,Device:C,33pF,hackrf:GSG-0402,Samsung,CL05C330JB5NNNC,,00000000-0000-0000-0000-00004faece69
C35,1,frontend.kicad_sch,/00000000-0000-0000-0000-0000503bb638,Device:C,33pF,hackrf:GSG-0402,Samsung,CL05C330JB5NNNC,,00000000-0000-0000-0000-00004faece70
C36,1,frontend.kicad_sch,/00000000-0000-0000-0000-0000503bb638,Device:C,33pF,hackrf:GSG-0402,Samsung,CL05C330JB5NNNC,,00000000-0000-0000-0000-00004faece73
C37,1,frontend.kicad_sch,/00000000-0000-0000-0000-0000503bb638,Device:C,33pF,hackrf:GSG-0402,Samsung,CL05C330JB5NNNC,,00000000-0000-0000-0000-00004faece75
C38,1,frontend.kicad_sch,/00000000-0000-0000-0000-0000503bb638,Device:C,33pF,hackrf:GSG-0402,Samsung,CL05C330JB5NNNC,,00000000-0000-0000-0000-0000502e792b
C39,1,frontend.kicad_sch,/00000000-0000-0000-0000-0000503bb638,Device:C,33pF,hackrf:GSG-0402,Samsung,CL05C330JB5NNNC,,00000000-0000-0000-0000-0000502e78e2
C40,1,frontend.kicad_sch,/00000000-0000-0000-0000-0000503bb638,Device:C,33pF,hackrf:GSG-0402,Samsung,CL05C330JB5NNNC,,00000000-0000-0000-0000-0000502e7922
C41,9,frontend.kicad_sch,/00000000-0000-0000-0000-0000503bb638,Device:C,100pF,hackrf:GSG-0402,Samsung,CL05C101JB5NNNC,,00000000-0000-0000-0000-00004fb55fad
C42,9,frontend.kicad_sch,/00000000-0000-0000-0000-0000503bb638,Device:C,100pF,hackrf:GSG-0402,Samsung,CL05C101JB5NNNC,,00000000-0000-0000-0000-00004faec781
C43,3,frontend.kicad_sch,/00000000-0000-0000-0000-0000503bb638,Device:C,22pF,hackrf:GSG-0402,Samsung,CL05C220JB5NNNC,,00000000-0000-0000-0000-0000502b5738
C44,4,frontend.kicad_sch,/00000000-0000-0000-0000-0000503bb638,Device:C,100nF,hackrf:GSG-0402,Samsung,CL05A104KA5NNNC,,00000000-0000-0000-0000-0000501f4169
C45,1,frontend.kicad_sch,/00000000-0000-0000-0000-0000503bb638,Device:C,33pF,hackrf:GSG-0402,Samsung,CL05C330JB5NNNC,,00000000-0000-0000-0000-0000502e6ecb
C46,4,frontend.kicad_sch,/00000000-0000-0000-0000-0000503bb638,Device:C,100nF,hackrf:GSG-0402,Samsung,CL05A104KA5NNNC,,00000000-0000-0000-0000-0000502b4c15
C47,1,frontend.kicad_sch,/00000000-0000-0000-0000-0000503bb638,Device:C,33pF,hackrf:GSG-0402,Samsung,CL05C330JB5NNNC,,00000000-0000-0000-0000-0000501f477d
C48,3,frontend.kicad_sch,/00000000-0000-0000-0000-0000503bb638,Device:C,22pF,hackrf:GSG-0402,Samsung,CL05C220JB5NNNC,,00000000-0000-0000-0000-0000501ef6ba
C49,4,frontend.kicad_sch,/00000000-0000-0000-0000-0000503bb638,Device:C,100nF,hackrf:GSG-0402,Samsung,CL05A104KA5NNNC,,00000000-0000-0000-0000-0000503bb2ce
C50,4,frontend.kicad_sch,/00000000-0000-0000-0000-0000503bb638,Device:C,100nF,hackrf:GSG-0402,Samsung,CL05A104KA5NNNC,,00000000-0000-0000-0000-0000528ea90e
C51,3,frontend.kicad_sch,/00000000-0000-0000-0000-0000503bb638,Device:C,22pF,hackrf:GSG-0402,Samsung,CL05C220JB5NNNC,,00000000-0000-0000-0000-0000501ef6a1
C52,9,frontend.kicad_sch,/00000000-0000-0000-0000-0000503bb638,Device:C,100pF,hackrf:GSG-0402,Samsung,CL05C101JB5NNNC,,00000000-0000-0000-0000-0000502c6d36
C53,10,frontend.kicad_sch,/00000000-0000-0000-0000-0000503bb638,Device:C,1uF,hackrf:GSG-0402,Samsung,CL05A105KP5NNNC,,00000000-0000-0000-0000-00005054932e
C54,2,frontend.kicad_sch,/00000000-0000-0000-0000-0000503bb638,Device:C,10nF,hackrf:GSG-0402,Samsung,CL05B103KB5NNNC,,00000000-0000-0000-0000-0000502e6eb0
C55,1,frontend.kicad_sch,/00000000-0000-0000-0000-0000503bb638,Device:C,33pF,hackrf:GSG-0402,Samsung,CL05C330JB5NNNC,,00000000-0000-0000-0000-0000502e7a10
C56,2,frontend.kicad_sch,/00000000-0000-0000-0000-0000503bb638,Device:C,10nF,hackrf:GSG-0402,Samsung,CL05B103KB5NNNC,,00000000-0000-0000-0000-0000501f4769
C57,1,frontend.kicad_sch,/00000000-0000-0000-0000-0000503bb638,Device:C,33pF,hackrf:GSG-0402,Samsung,CL05C330JB5NNNC,,00000000-0000-0000-0000-0000502e7a16
C58,4,frontend.kicad_sch,/00000000-0000-0000-0000-0000503bb638,Device:C,100nF,hackrf:GSG-0402,Samsung,CL05A104KA5NNNC,,00000000-0000-0000-0000-0000528ea8de
C59,4,frontend.kicad_sch,/00000000-0000-0000-0000-0000503bb638,Device:C,100nF,hackrf:GSG-0402,Samsung,CL05A104KA5NNNC,,00000000-0000-0000-0000-0000528ea93e
C60,1,frontend.kicad_sch,/00000000-0000-0000-0000-0000503bb638,Device:C,33pF,hackrf:GSG-0402,Samsung,CL05C330JB5NNNC,,00000000-0000-0000-0000-0000502e79fa
C61,4,frontend.kicad_sch,/00000000-0000-0000-0000-0000503bb638,Device:C,100nF,hackrf:GSG-0402,Samsung,CL05A104KA5NNNC,,00000000-0000-0000-0000-0000502e6909
C62,4,frontend.kicad_sch,/00000000-0000-0000-0000-0000503bb638,Device:C,100nF,hackrf:GSG-0402,Samsung,CL05A104KA5NNNC,,00000000-0000-0000-0000-0000528ea96e
C63,1,frontend.kicad_sch,/00000000-0000-0000-0000-0000503bb638,Device:C,33pF,hackrf:GSG-0402,Samsung,CL05C330JB5NNNC,,00000000-0000-0000-0000-0000502e79ce
C64,4,frontend.kicad_sch,/00000000-0000-0000-0000-0000503bb638,Device:C,100nF,hackrf:GSG-0402,Samsung,CL05A104KA5NNNC,,00000000-0000-0000-0000-0000502c6d4a
C65,1,frontend.kicad_sch,/00000000-0000-0000-0000-0000503bb638,Device:C,33pF,hackrf:GSG-0402,Samsung,CL05C330JB5NNNC,,00000000-0000-0000-0000-0000502e7989
C66,1,frontend.kicad_sch,/00000000-0000-0000-0000-0000503bb638,Device:C,33pF,hackrf:GSG-0402,Samsung,CL05C330JB5NNNC,,00000000-0000-0000-0000-0000502e798c
C67,1,frontend.kicad_sch,/00000000-0000-0000-0000-0000503bb638,Device:C,33pF,hackrf:GSG-0402,Samsung,CL05C330JB5NNNC,,00000000-0000-0000-0000-000052901196
C68,69,baseband.kicad_sch,/00000000-0000-0000-0000-000050370666,Device:C,100pF,hackrf:GSG-0402,Samsung,CL05C101JB5NNNC,Y,00000000-0000-0000-0000-0000527f1cb9
C69,69,baseband.kicad_sch,/00000000-0000-0000-0000-000050370666,Device:C,100pF,hackrf:GSG-0402,Samsung,CL05C101JB5NNNC,Y,00000000-0000-0000-0000-0000527f1d24
C70,9,frontend.kicad_sch,/00000000-0000-0000-0000-0000503bb638,Device:C,100pF,hackrf:GSG-0402,Samsung,CL05C101JB5NNNC,,00000000-0000-0000-0000-0000529011d6
C71,4,baseband.kicad_sch,/00000000-0000-0000-0000-000050370666,Device:C,100nF,hackrf:GSG-0402,Samsung,CL05A104KA5NNNC,,00000000-0000-0000-0000-0000503c49df
C72,11,baseband.kicad_sch,/00000000-0000-0000-0000-000050370666,Device:C,2.2uF,hackrf:GSG-0402,Taiyo Yuden,LMK105BJ225MV-F,,00000000-0000-0000-0000-00004f5bca4c
C73,4,baseband.kicad_sch,/00000000-0000-0000-0000-000050370666,Device:C,100nF,hackrf:GSG-0402,Samsung,CL05A104KA5NNNC,,00000000-0000-0000-0000-0000503c49f2
C74,11,baseband.kicad_sch,/00000000-0000-0000-0000-000050370666,Device:C,2.2uF,hackrf:GSG-0402,Taiyo Yuden,LMK105BJ225MV-F,,00000000-0000-0000-0000-0000503f8e66
C75,4,baseband.kicad_sch,/00000000-0000-0000-0000-000050370666,Device:C,100nF,hackrf:GSG-0402,Samsung,CL05A104KA5NNNC,,00000000-0000-0000-0000-0000503c49f4
C76,11,baseband.kicad_sch,/00000000-0000-0000-0000-000050370666,Device:C,2.2uF,hackrf:GSG-0402,Taiyo Yuden,LMK105BJ225MV-F,,00000000-0000-0000-0000-0000503f8e67
C77,4,baseband.kicad_sch,/00000000-0000-0000-0000-000050370666,Device:C,100nF,hackrf:GSG-0402,Samsung,CL05A104KA5NNNC,,00000000-0000-0000-0000-0000503c49f7
C78,11,baseband.kicad_sch,/00000000-0000-0000-0000-000050370666,Device:C,2.2uF,hackrf:GSG-0402,Taiyo Yuden,LMK105BJ225MV-F,,00000000-0000-0000-0000-0000503f8e69
C79,4,baseband.kicad_sch,/00000000-0000-0000-0000-000050370666,Device:C,100nF,hackrf:GSG-0402,Samsung,CL05A104KA5NNNC,,00000000-0000-0000-0000-0000503c49f8
C80,11,baseband.kicad_sch,/00000000-0000-0000-0000-000050370666,Device:C,2.2uF,hackrf:GSG-0402,Taiyo Yuden,LMK105BJ225MV-F,,00000000-0000-0000-0000-0000503f8e6a
C81,4,baseband.kicad_sch,/00000000-0000-0000-0000-000050370666,Device:C,100nF,hackrf:GSG-0402,Samsung,CL05A104KA5NNNC,,00000000-0000-0000-0000-0000503c49fa
C82,11,baseband.kicad_sch,/00000000-0000-0000-0000-000050370666,Device:C,2.2uF,hackrf:GSG-0402,Taiyo Yuden,LMK105BJ225MV-F,,00000000-0000-0000-0000-0000503f8e6b
C83,4,baseband.kicad_sch,/00000000-0000-0000-0000-000050370666,Device:C,100nF,hackrf:GSG-0402,Samsung,CL05A104KA5NNNC,,00000000-0000-0000-0000-0000503c49fb
C84,3,baseband.kicad_sch,/00000000-0000-0000-0000-000050370666,Device:C,22pF,hackrf:GSG-0402,Samsung,CL05C220JB5NNNC,,00000000-0000-0000-0000-00004f5bbd0a
C85,3,baseband.kicad_sch,/00000000-0000-0000-0000-000050370666,Device:C,22pF,hackrf:GSG-0402,Samsung,CL05C220JB5NNNC,,00000000-0000-0000-0000-0000503f8f4d
C86,3,baseband.kicad_sch,/00000000-0000-0000-0000-000050370666,Device:C,22pF,hackrf:GSG-0402,Samsung,CL05C220JB5NNNC,,00000000-0000-0000-0000-0000503f8f4e
C87,2,baseband.kicad_sch,/00000000-0000-0000-0000-000050370666,Device:C,10nF,hackrf:GSG-0402,Samsung,CL05B103KB5NNNC,,00000000-0000-0000-0000-0000503c4a38
C88,2,baseband.kicad_sch,/00000000-0000-0000-0000-000050370666,Device:C,10nF,hackrf:GSG-0402,Samsung,CL05B103KB5NNNC,,00000000-0000-0000-0000-0000503c4a45
C89,2,baseband.kicad_sch,/00000000-0000-0000-0000-000050370666,Device:C,10nF,hackrf:GSG-0402,Samsung,CL05B103KB5NNNC,,00000000-0000-0000-0000-0000503c4a48
C90,9,baseband.kicad_sch,/00000000-0000-0000-0000-000050370666,Device:C,100pF,hackrf:GSG-0402,Samsung,CL05C101JB5NNNC,,00000000-0000-0000-0000-0000503f929c
C91,4,baseband.kicad_sch,/00000000-0000-0000-0000-000050370666,Device:C,100nF,hackrf:GSG-0402,Samsung,CL05A104KA5NNNC,,00000000-0000-0000-0000-0000503c4b4a
C92,2,baseband.kicad_sch,/00000000-0000-0000-0000-000050370666,Device:C,10nF,hackrf:GSG-0402,Samsung,CL05B103KB5NNNC,,00000000-0000-0000-0000-0000503c4a4a
C93,2,baseband.kicad_sch,/00000000-0000-0000-0000-000050370666,Device:C,10nF,hackrf:GSG-0402,Samsung,CL05B103KB5NNNC,,00000000-0000-0000-0000-0000503c4a4b
C94,3,baseband.kicad_sch,/00000000-0000-0000-0000-000050370666,Device:C,22pF,hackrf:GSG-0402,Samsung,CL05C220JB5NNNC,,00000000-0000-0000-0000-0000503f8f5d
C95,70,baseband.kicad_sch,/00000000-0000-0000-0000-000050370666,Device:C,22pF,hackrf:GSG-0402,Samsung,CL05C220JB5NNNC,Y,00000000-0000-0000-0000-0000503f8f6c
C96,70,baseband.kicad_sch,/00000000-0000-0000-0000-000050370666,Device:C,22pF,hackrf:GSG-0402,Samsung,CL05C220JB5NNNC,Y,00000000-0000-0000-0000-0000503f8f85
C97,12,baseband.kicad_sch,/00000000-0000-0000-0000-000050370666,Device:C,330nF,hackrf:GSG-0402,Yageo,CC0402KRX5R6BB334,,00000000-0000-0000-0000-00004f5bc9bb
C98,12,baseband.kicad_sch,/00000000-0000-0000-0000-000050370666,Device:C,330nF,hackrf:GSG-0402,Yageo,CC0402KRX5R6BB334,,00000000-0000-0000-0000-00004f5bcce3
C99,3,baseband.kicad_sch,/00000000-0000-0000-0000-000050370666,Device:C,22pF,hackrf:GSG-0402,Samsung,CL05C220JB5NNNC,,00000000-0000-0000-0000-0000503f9135
C100,12,baseband.kicad_sch,/00000000-0000-0000-0000-000050370666,Device:C,330nF,hackrf:GSG-0402,Yageo,CC0402KRX5R6BB334,,00000000-0000-0000-0000-00004f5bc9a4
C101,70,baseband.kicad_sch,/00000000-0000-0000-0000-000050370666,Device:C,22pF,hackrf:GSG-0402,Samsung,CL05C220JB5NNNC,Y,00000000-0000-0000-0000-0000503f8f8c
C102,3,baseband.kicad_sch,/00000000-0000-0000-0000-000050370666,Device:C,22pF,hackrf:GSG-0402,Samsung,CL05C220JB5NNNC,,00000000-0000-0000-0000-0000503f914f
C103,70,baseband.kicad_sch,/00000000-0000-0000-0000-000050370666,Device:C,22pF,hackrf:GSG-0402,Samsung,CL05C220JB5NNNC,Y,00000000-0000-0000-0000-0000503f8f9c
C104,13,baseband.kicad_sch,/00000000-0000-0000-0000-000050370666,Device:C,3pF,hackrf:GSG-0402,Murata,GCM1555C1H3R0CA16D,,00000000-0000-0000-0000-00004f5bd68e
C105,14,baseband.kicad_sch,/00000000-0000-0000-0000-000050370666,Device:C,10uF,hackrf:GSG-0805,Samsung,CL21A106KOQNNNE,,00000000-0000-0000-0000-0000503f888a
C106,10,baseband.kicad_sch,/00000000-0000-0000-0000-000050370666,Device:C,1uF,hackrf:GSG-0402,Samsung,CL05A105KP5NNNC,,00000000-0000-0000-0000-00004f5bc172
C107,70,baseband.kicad_sch,/00000000-0000-0000-0000-000050370666,Device:C,22pF,hackrf:GSG-0402,Samsung,CL05C220JB5NNNC,Y,00000000-0000-0000-0000-0000503f8fab
C108,70,baseband.kicad_sch,/00000000-0000-0000-0000-000050370666,Device:C,22pF,hackrf:GSG-0402,Samsung,CL05C220JB5NNNC,Y,00000000-0000-0000-0000-0000503f8fb8
C109,70,baseband.kicad_sch,/00000000-0000-0000-0000-000050370666,Device:C,22pF,hackrf:GSG-0402,Samsung,CL05C220JB5NNNC,Y,00000000-0000-0000-0000-0000503f8fba
C110,70,baseband.kicad_sch,/00000000-0000-0000-0000-000050370666,Device:C,22pF,hackrf:GSG-0402,Samsung,CL05C220JB5NNNC,Y,00000000-0000-0000-0000-0000503f8fbb
C111,13,baseband.kicad_sch,/00000000-0000-0000-0000-000050370666,Device:C,3pF,hackrf:GSG-0402,Murata,GCM1555C1H3R0CA16D,,00000000-0000-0000-0000-00004f5bd678
C112,7,baseband.kicad_sch,/00000000-0000-0000-0000-000050370666,Device:C,180pF,hackrf:GSG-0402,Yageo,CC0402JRNPO9BN181,,00000000-0000-0000-0000-0000503c527f
C113,4,baseband.kicad_sch,/00000000-0000-0000-0000-000050370666,Device:C,100nF,hackrf:GSG-0402,Samsung,CL05A104KA5NNNC,,00000000-0000-0000-0000-0000503c49a8
C114,15,baseband.kicad_sch,/00000000-0000-0000-0000-000050370666,Device:C,3.3nF,hackrf:GSG-0402,Yageo,CC0402KRX7R9BB332,,00000000-0000-0000-0000-00004f5bc057
C115,1,baseband.kicad_sch,/00000000-0000-0000-0000-000050370666,Device:C,33pF,hackrf:GSG-0402,Samsung,CL05C330JB5NNNC,,00000000-0000-0000-0000-00005290226b
C116,8,baseband.kicad_sch,/00000000-0000-0000-0000-000050370666,Device:C,47pF,hackrf:GSG-0402,Samsung,CL05C470JB5NNNC,,00000000-0000-0000-0000-000052902274
C118,16,mcu.kicad_sch,/00000000-0000-0000-0000-00005037043e,Device:C,18pF,hackrf:GSG-0402,Samsung,CL05C180JB5NNNC,,00000000-0000-0000-0000-00005290661d
C119,4,baseband.kicad_sch,/00000000-0000-0000-0000-000050370666,Device:C,100nF,hackrf:GSG-0402,Samsung,CL05A104KA5NNNC,,00000000-0000-0000-0000-0000503c49af
C120,4,baseband.kicad_sch,/00000000-0000-0000-0000-000050370666,Device:C,100nF,hackrf:GSG-0402,Samsung,CL05A104KA5NNNC,,00000000-0000-0000-0000-0000503c49cc
C121,4,baseband.kicad_sch,/00000000-0000-0000-0000-000050370666,Device:C,100nF,hackrf:GSG-0402,Samsung,CL05A104KA5NNNC,,00000000-0000-0000-0000-0000503c49cd
C122,4,baseband.kicad_sch,/00000000-0000-0000-0000-000050370666,Device:C,100nF,hackrf:GSG-0402,Samsung,CL05A104KA5NNNC,,00000000-0000-0000-0000-0000503c49ce
C123,4,baseband.kicad_sch,/00000000-0000-0000-0000-000050370666,Device:C,100nF,hackrf:GSG-0402,Samsung,CL05A104KA5NNNC,,00000000-0000-0000-0000-0000503c49d3
C124,11,baseband.kicad_sch,/00000000-0000-0000-0000-000050370666,Device:C,2.2uF,hackrf:GSG-0402,Taiyo Yuden,LMK105BJ225MV-F,,00000000-0000-0000-0000-0000503f8ea2
C125,1,mcu.kicad_sch,/00000000-0000-0000-0000-00005037043e,Device:C,33pF,hackrf:GSG-0402,Samsung,CL05C330JB5NNNC,,00000000-0000-0000-0000-0000505e9e4c
C126,14,mcu.kicad_sch,/00000000-0000-0000-0000-00005037043e,Device:C,10uF,hackrf:GSG-0805,Samsung,CL21A106KOQNNNE,,00000000-0000-0000-0000-00004f824fbd
C127,14,mcu.kicad_sch,/00000000-0000-0000-0000-00005037043e,Device:C,10uF,hackrf:GSG-0805,Samsung,CL21A106KOQNNNE,,00000000-0000-0000-0000-00004f82501f
C128,4,mcu.kicad_sch,/00000000-0000-0000-0000-00005037043e,Device:C,100nF,hackrf:GSG-0402,Samsung,CL05A104KA5NNNC,,00000000-0000-0000-0000-0000503c4be3
C129,4,mcu.kicad_sch,/00000000-0000-0000-0000-00005037043e,Device:C,100nF,hackrf:GSG-0402,Samsung,CL05A104KA5NNNC,,00000000-0000-0000-0000-0000503c4c12
C130,4,mcu.kicad_sch,/00000000-0000-0000-0000-00005037043e,Device:C,100nF,hackrf:GSG-0402,Samsung,CL05A104KA5NNNC,,00000000-0000-0000-0000-0000503c4c1c
C131,4,mcu.kicad_sch,/00000000-0000-0000-0000-00005037043e,Device:C,100nF,hackrf:GSG-0402,Samsung,CL05A104KA5NNNC,,00000000-0000-0000-0000-0000503c4c1d
C132,4,mcu.kicad_sch,/00000000-0000-0000-0000-00005037043e,Device:C,100nF,hackrf:GSG-0402,Samsung,CL05A104KA5NNNC,,00000000-0000-0000-0000-0000503c4c1e
C133,4,mcu.kicad_sch,/00000000-0000-0000-0000-00005037043e,Device:C,100nF,hackrf:GSG-0402,Samsung,CL05A104KA5NNNC,,00000000-0000-0000-0000-0000503c4c1f
C134,4,mcu.kicad_sch,/00000000-0000-0000-0000-00005037043e,Device:C,100nF,hackrf:GSG-0402,Samsung,CL05A104KA5NNNC,,00000000-0000-0000-0000-0000503c4c21
C135,4,mcu.kicad_sch,/00000000-0000-0000-0000-00005037043e,Device:C,100nF,hackrf:GSG-0402,Samsung,CL05A104KA5NNNC,,00000000-0000-0000-0000-0000503c4c23
C136,4,mcu.kicad_sch,/00000000-0000-0000-0000-00005037043e,Device:C,100nF,hackrf:GSG-0402,Samsung,CL05A104KA5NNNC,,00000000-0000-0000-0000-0000503c4c24
C137,4,mcu.kicad_sch,/00000000-0000-0000-0000-00005037043e,Device:C,100nF,hackrf:GSG-0402,Samsung,CL05A104KA5NNNC,,00000000-0000-0000-0000-0000503c4c25
C138,4,mcu.kicad_sch,/00000000-0000-0000-0000-00005037043e,Device:C,100nF,hackrf:GSG-0402,Samsung,CL05A104KA5NNNC,,00000000-0000-0000-0000-0000503c4c27
C139,4,mcu.kicad_sch,/00000000-0000-0000-0000-00005037043e,Device:C,100nF,hackrf:GSG-0402,Samsung,CL05A104KA5NNNC,,00000000-0000-0000-0000-0000503c4c28
C140,4,mcu.kicad_sch,/00000000-0000-0000-0000-00005037043e,Device:C,100nF,hackrf:GSG-0402,Samsung,CL05A104KA5NNNC,,00000000-0000-0000-0000-0000503c4c29
C141,4,mcu.kicad_sch,/00000000-0000-0000-0000-00005037043e,Device:C,100nF,hackrf:GSG-0402,Samsung,CL05A104KA5NNNC,,00000000-0000-0000-0000-0000503c4c2a
C142,4,mcu.kicad_sch,/00000000-0000-0000-0000-00005037043e,Device:C,100nF,hackrf:GSG-0402,Samsung,CL05A104KA5NNNC,,00000000-0000-0000-0000-0000503c4c2c
C143,14,mcu.kicad_sch,/00000000-0000-0000-0000-00005037043e,Device:C,10uF,hackrf:GSG-0805,Samsung,CL21A106KOQNNNE,,00000000-0000-0000-0000-00004f820298
C144,4,mcu.kicad_sch,/00000000-0000-0000-0000-00005037043e,Device:C,100nF,hackrf:GSG-0402,Samsung,CL05A104KA5NNNC,,00000000-0000-0000-0000-0000503c4c30
C145,14,mcu.kicad_sch,/00000000-0000-0000-0000-00005037043e,Device:C,10uF,hackrf:GSG-0805,Samsung,CL21A106KOQNNNE,,00000000-0000-0000-0000-00004f824fc2
C146,14,mcu.kicad_sch,/00000000-0000-0000-0000-00005037043e,Device:C,10uF,hackrf:GSG-0805,Samsung,CL21A106KOQNNNE,,00000000-0000-0000-0000-00004f824fe4
C147,4,mcu.kicad_sch,/00000000-0000-0000-0000-00005037043e,Device:C,100nF,hackrf:GSG-0402,Samsung,CL05A104KA5NNNC,,00000000-0000-0000-0000-0000503c4b67
C148,4,mcu.kicad_sch,/00000000-0000-0000-0000-00005037043e,Device:C,100nF,hackrf:GSG-0402,Samsung,CL05A104KA5NNNC,,00000000-0000-0000-0000-0000503c4c68
C149,4,mcu.kicad_sch,/00000000-0000-0000-0000-00005037043e,Device:C,100nF,hackrf:GSG-0402,Samsung,CL05A104KA5NNNC,,00000000-0000-0000-0000-0000503c4c67
C150,4,mcu.kicad_sch,/00000000-0000-0000-0000-00005037043e,Device:C,100nF,hackrf:GSG-0402,Samsung,CL05A104KA5NNNC,,00000000-0000-0000-0000-0000503c4c65
C151,4,mcu.kicad_sch,/00000000-0000-0000-0000-00005037043e,Device:C,100nF,hackrf:GSG-0402,Samsung,CL05A104KA5NNNC,,00000000-0000-0000-0000-0000503c4c64
C152,4,mcu.kicad_sch,/00000000-0000-0000-0000-00005037043e,Device:C,100nF,hackrf:GSG-0402,Samsung,CL05A104KA5NNNC,,00000000-0000-0000-0000-0000503c4c63
C153,4,mcu.kicad_sch,/00000000-0000-0000-0000-00005037043e,Device:C,100nF,hackrf:GSG-0402,Samsung,CL05A104KA5NNNC,,00000000-0000-0000-0000-0000503c4c62
C154,4,mcu.kicad_sch,/00000000-0000-0000-0000-00005037043e,Device:C,100nF,hackrf:GSG-0402,Samsung,CL05A104KA5NNNC,,00000000-0000-0000-0000-0000503c4c50
C155,71,mcu.kicad_sch,/00000000-0000-0000-0000-00005037043e,Device:C,DNP,hackrf:GSG-0805,,,Y,00000000-0000-0000-0000-00005294027b
C156,72,mcu.kicad_sch,/00000000-0000-0000-0000-00005037043e,Device:C,47pF,hackrf:GSG-0402,Samsung,CL05C470JB5NNNC,Y,00000000-0000-0000-0000-0000503c4cbc
C157,16,mcu.kicad_sch,/00000000-0000-0000-0000-00005037043e,Device:C,18pF,hackrf:GSG-0402,Samsung,CL05C180JB5NNNC,,00000000-0000-0000-0000-000050370ed5
C158,16,mcu.kicad_sch,/00000000-0000-0000-0000-00005037043e,Device:C,18pF,hackrf:GSG-0402,Samsung,CL05C180JB5NNNC,,00000000-0000-0000-0000-00005052a211
C159,69,baseband.kicad_sch,/00000000-0000-0000-0000-000050370666,Device:C,100pF,hackrf:GSG-0402,Samsung,CL05C101JB5NNNC,Y,00000000-0000-0000-0000-0000527f2f05
C160,9,frontend.kicad_sch,/00000000-0000-0000-0000-0000503bb638,Device:C,100pF,hackrf:GSG-0402,Samsung,CL05C101JB5NNNC,,00000000-0000-0000-0000-0000503bf2db
C161,10,frontend.kicad_sch,/00000000-0000-0000-0000-0000503bb638,Device:C,1uF,hackrf:GSG-0402,Samsung,CL05A105KP5NNNC,,00000000-0000-0000-0000-0000503bf2da
C162,2,frontend.kicad_sch,/00000000-0000-0000-0000-0000503bb638,Device:C,10nF,hackrf:GSG-0402,Samsung,CL05B103KB5NNNC,,00000000-0000-0000-0000-0000503bf2d5
C163,2,frontend.kicad_sch,/00000000-0000-0000-0000-0000503bb638,Device:C,10nF,hackrf:GSG-0402,Samsung,CL05B103KB5NNNC,,00000000-0000-0000-0000-0000503bf2cb
C164,16,mcu.kicad_sch,/00000000-0000-0000-0000-00005037043e,Device:C,18pF,hackrf:GSG-0402,Samsung,CL05C180JB5NNNC,,00000000-0000-0000-0000-0000529065ed
C165,69,baseband.kicad_sch,/00000000-0000-0000-0000-000050370666,Device:C,100pF,hackrf:GSG-0402,Samsung,CL05C101JB5NNNC,Y,00000000-0000-0000-0000-0000527f3355
C166,4,frontend.kicad_sch,/00000000-0000-0000-0000-0000503bb638,Device:C,100nF,hackrf:GSG-0402,Samsung,CL05A104KA5NNNC,,00000000-0000-0000-0000-00005281bf94
C167,4,baseband.kicad_sch,/00000000-0000-0000-0000-000050370666,Device:C,100nF,hackrf:GSG-0402,Samsung,CL05A104KA5NNNC,,00000000-0000-0000-0000-00005281b72f
C168,69,baseband.kicad_sch,/00000000-0000-0000-0000-000050370666,Device:C,100pF,hackrf:GSG-0402,Samsung,CL05C101JB5NNNC,Y,00000000-0000-0000-0000-000052963cca
C169,17,baseband.kicad_sch,/00000000-0000-0000-0000-000050370666,Device:C,1.8pF,hackrf:GSG-0402,Yageo,CC0402CRNPO9BN1R8,,00000000-0000-0000-0000-000052aa5602
C170,17,baseband.kicad_sch,/00000000-0000-0000-0000-000050370666,Device:C,1.8pF,hackrf:GSG-0402,Yageo,CC0402CRNPO9BN1R8,,00000000-0000-0000-0000-000052aa5635
C171,10,frontend.kicad_sch,/00000000-0000-0000-0000-0000503bb638,Device:C,1uF,hackrf:GSG-0402,Samsung,CL05A105KP5NNNC,,00000000-0000-0000-0000-000052ea119b
D1,18,frontend.kicad_sch,/00000000-0000-0000-0000-0000503bb638,hackrf:GSG-DIODE-TVS-BI,GSG-DIODE-TVS-BI,hackrf:GSG-0402,Murata,LXES15AAA1-100,,00000000-0000-0000-0000-00004fb3f9b0
D2,19,mcu.kicad_sch,/00000000-0000-0000-0000-00005037043e,Device:LED,VAALED,gsg-modules:LTST-S220,Lite-On,LTST-S220KRKT,,00000000-0000-0000-0000-0000527dc2e9
D3,18,baseband.kicad_sch,/00000000-0000-0000-0000-000050370666,hackrf:GSG-DIODE-TVS-BI,GSG-DIODE-TVS-BI,hackrf:GSG-0402,Murata,LXES15AAA1-100,,00000000-0000-0000-0000-000052807816
D4,20,mcu.kicad_sch,/00000000-0000-0000-0000-00005037043e,Device:LED,USBLED,gsg-modules:LTST-S220,Lite-On,LTST-S220KGKT,,00000000-0000-0000-0000-00004f83c1df
D5,21,mcu.kicad_sch,/00000000-0000-0000-0000-00005037043e,Device:LED,RXLED,gsg-modules:LTST-S220,Lite-On,LTST-S220KSKT,,00000000-0000-0000-0000-00004f83c276
D6,19,mcu.kicad_sch,/00000000-0000-0000-0000-00005037043e,Device:LED,TXLED,gsg-modules:LTST-S220,Lite-On,LTST-S220KRKT,,00000000-0000-0000-0000-00004f83c1a7
D7,20,mcu.kicad_sch,/00000000-0000-0000-0000-00005037043e,Device:LED,VCCLED,gsg-modules:LTST-S220,Lite-On,LTST-S220KGKT,,00000000-0000-0000-0000-00004f83c1d6
D8,21,mcu.kicad_sch,/00000000-0000-0000-0000-00005037043e,Device:LED,1V8LED,gsg-modules:LTST-S220,Lite-On,LTST-S220KSKT,,00000000-0000-0000-0000-00004f83c1e0
D9,18,baseband.kicad_sch,/00000000-0000-0000-0000-000050370666,hackrf:GSG-DIODE-TVS-BI,GSG-DIODE-TVS-BI,hackrf:GSG-0402,Murata,LXES15AAA1-100,,00000000-0000-0000-0000-000052807806
D10,22,frontend.kicad_sch,/00000000-0000-0000-0000-0000503bb638,Device:D_Schottky,D_Schottky,gsg-modules:DSN1006-2,Nexperia,PMEG4010ESBYL,,c62c921b-cf7e-4f02-9ff2-1e3f2c3200b3
FB1,23,mcu.kicad_sch,/00000000-0000-0000-0000-00005037043e,Device:FerriteBead_Small,FILTER,hackrf:GSG-0805,Murata,BLM21PG221SN1D,,00000000-0000-0000-0000-00004f766f5e
FB2,23,baseband.kicad_sch,/00000000-0000-0000-0000-000050370666,Device:FerriteBead_Small,FILTER,hackrf:GSG-0805,Murata,BLM21PG221SN1D,,00000000-0000-0000-0000-0000503f885c
FB3,23,mcu.kicad_sch,/00000000-0000-0000-0000-00005037043e,Device:FerriteBead_Small,FILTER,hackrf:GSG-0805,Murata,BLM21PG221SN1D,,00000000-0000-0000-0000-000052ea190b
J1,24,mcu.kicad_sch,/00000000-0000-0000-0000-00005037043e,hackrf:GSG-USB-MICRO-B-SHIELDED,USB-MICRO-B,hackrf:GSG-USB-MICROB-FCI-10103592-EXT,FCI,10103592-0001LF,,00000000-0000-0000-0000-00004f766bdf
J2,73,frontend.kicad_sch,/00000000-0000-0000-0000-0000503bb638,hackrf:RF-SHIELD-FRAME,RF-SHIELD-FRAME,hackrf:GSG-SHIELD-BMI-S-230,Laird,BMI-S-230-F-R,Y,00000000-0000-0000-0000-0000527e97cf
J3,74,frontend.kicad_sch,/00000000-0000-0000-0000-0000503bb638,hackrf:RF-SHIELD-COVER,RF-SHIELD-COVER,,Laird,BMI-S-230-C,Y,00000000-0000-0000-0000-0000527eaa54
J10,75,frontend.kicad_sch,/00000000-0000-0000-0000-0000503bb638,Connector_Generic:Conn_01x01,GND_CLIP,hackrf:GSG-TEST-POINT-S1751-46R,Harwin,S1751-46R,Y,00000000-0000-0000-0000-00005293fd15
L1,76,frontend.kicad_sch,/00000000-0000-0000-0000-0000503bb638,Device:L,DNP,hackrf:GSG-0402,,,Y,00000000-0000-0000-0000-0000502afa8c
L2,25,frontend.kicad_sch,/00000000-0000-0000-0000-0000503bb638,Device:L,10uH,hackrf:GSG-0603,Taiyo Yuden,BRL1608T100M,,00000000-0000-0000-0000-0000503bf2a7
L3,25,frontend.kicad_sch,/00000000-0000-0000-0000-0000503bb638,Device:L,10uH,hackrf:GSG-0603,Taiyo Yuden,BRL1608T100M,,00000000-0000-0000-0000-0000503bf2b7
L4,76,frontend.kicad_sch,/00000000-0000-0000-0000-0000503bb638,Device:L,DNP,hackrf:GSG-0402,,,Y,00000000-0000-0000-0000-00004fb55e30
L5,25,frontend.kicad_sch,/00000000-0000-0000-0000-0000503bb638,Device:L,10uH,hackrf:GSG-0603,Taiyo Yuden,BRL1608T100M,,00000000-0000-0000-0000-0000502c6d12
L6,76,baseband.kicad_sch,/00000000-0000-0000-0000-000050370666,Device:L,DNP,hackrf:GSG-0402,,,Y,00000000-0000-0000-0000-00004f5d6aaa
L7,26,baseband.kicad_sch,/00000000-0000-0000-0000-000050370666,Device:L,6.2nH,hackrf:GSG-0402,Murata,LQG15HS6N2S02D,,00000000-0000-0000-0000-00004f5bbd57
L8,76,baseband.kicad_sch,/00000000-0000-0000-0000-000050370666,Device:L,DNP,hackrf:GSG-0402,,,Y,00000000-0000-0000-0000-00004f5d6afa
L9,76,baseband.kicad_sch,/00000000-0000-0000-0000-000050370666,Device:L,DNP,hackrf:GSG-0402,,,Y,00000000-0000-0000-0000-00004f5d6ad6
L10,27,mcu.kicad_sch,/00000000-0000-0000-0000-00005037043e,Device:L,4u7,hackrf:GSG-NRG4026,Taiyo Yuden,NRS4018T4R7MDGJ,,00000000-0000-0000-0000-00004f820301
L11,27,mcu.kicad_sch,/00000000-0000-0000-0000-00005037043e,Device:L,4u7,hackrf:GSG-NRG4026,Taiyo Yuden,NRS4018T4R7MDGJ,,00000000-0000-0000-0000-00004f8249e7
L12,25,frontend.kicad_sch,/00000000-0000-0000-0000-0000503bb638,Device:L,10uH,hackrf:GSG-0603,Taiyo Yuden,BRL1608T100M,,00000000-0000-0000-0000-0000503bf2dc
L13,25,frontend.kicad_sch,/00000000-0000-0000-0000-0000503bb638,Device:L,10uH,hackrf:GSG-0603,Taiyo Yuden,BRL1608T100M,,00000000-0000-0000-0000-000052ea1189
NT1,77,mcu.kicad_sch,/00000000-0000-0000-0000-00005037043e,Device:NetTie_2,1V8,gsg-modules:HEADER-1x2-SHORTED,,,Y,00000000-0000-0000-0000-0000613dd0b9
NT2,78,mcu.kicad_sch,/00000000-0000-0000-0000-00005037043e,Device:NetTie_2,VCC,gsg-modules:HEADER-1x2-SHORTED,,,Y,00000000-0000-0000-0000-00006129887d
NT3,79,baseband.kicad_sch,/00000000-0000-0000-0000-000050370666,Device:NetTie_2,VAA,gsg-modules:HEADER-1x2-SHORTED,,,Y,00000000-0000-0000-0000-0000616a11c7
P2,28,baseband.kicad_sch,/00000000-0000-0000-0000-000050370666,hackrf:GSG-RF-CONN,CLKOUT,hackrf:GSG-SMA-73251-2120,Molex,73251-2121,,00000000-0000-0000-0000-000050462549
P3,80,mcu.kicad_sch,/00000000-0000-0000-0000-00005037043e,Connector_Generic:Conn_01x02,GND,hackrf:GSG-HEADER-NOMARK-1x2,,,Y,00000000-0000-0000-0000-00005043d24d
P4,28,frontend.kicad_sch,/00000000-0000-0000-0000-0000503bb638,hackrf:GSG-RF-CONN,ANTENNA,hackrf:GSG-SMA-73251-2120,Molex,73251-2121,,00000000-0000-0000-0000-00004f94d0f2
P5,81,mcu.kicad_sch,/00000000-0000-0000-0000-00005037043e,Connector_Generic:Conn_02x03_Odd_Even,LEDS,hackrf:GSG-HEADER-2x3,,,Y,00000000-0000-0000-0000-0000528023db
P9,29,baseband.kicad_sch,/00000000-0000-0000-0000-000050370666,Connector_Generic:Conn_02x08_Odd_Even,BASEBAND,hackrf:GSG-HEADER-2x8,Sullins,PPPC082LFBN-RC,,00000000-0000-0000-0000-00005294060f
P16,28,baseband.kicad_sch,/00000000-0000-0000-0000-000050370666,hackrf:GSG-RF-CONN,CLKIN,hackrf:GSG-SMA-73251-2120,Molex,73251-2121,,00000000-0000-0000-0000-00004f5d16d6
P20,30,mcu.kicad_sch,/00000000-0000-0000-0000-00005037043e,Connector_Generic:Conn_02x11_Odd_Even,GPIO,hackrf:GSG-HEADER-2x11,Sullins,PPPC112LFBN-RC,,00000000-0000-0000-0000-00004f838167
P22,31,mcu.kicad_sch,/00000000-0000-0000-0000-00005037043e,Connector_Generic:Conn_02x13_Odd_Even,I2S,hackrf:GSG-HEADER-2x13,Sullins,PPPC132LFBN-RC,,00000000-0000-0000-0000-0000526b4073
P25,82,mcu.kicad_sch,/00000000-0000-0000-0000-00005037043e,Connector_Generic:Conn_01x06,LPC_ISP,hackrf:GSG-HEADER-1x6,,,Y,00000000-0000-0000-0000-00004f62d2d3
P26,83,mcu.kicad_sch,/00000000-0000-0000-0000-00005037043e,Connector_Generic:Conn_02x05_Odd_Even,LPC_JTAG,hackrf:GSG-50MIL-HEADER-2x5-TH,Sullins,GRPB052VWVN-RC,Y,00000000-0000-0000-0000-00004f63572b
P28,30,mcu.kicad_sch,/00000000-0000-0000-0000-00005037043e,Connector_Generic:Conn_02x11_Odd_Even,SD,hackrf:GSG-HEADER-2x11,Sullins,PPPC112LFBN-RC,,00000000-0000-0000-0000-00004f837d97
P29,84,mcu.kicad_sch,/00000000-0000-0000-0000-00005037043e,Connector_Generic:Conn_01x02,CPLD_JTAG,hackrf:GSG-HEADER-1x2,,,Y,00000000-0000-0000-0000-00004f82f4c0
P30,85,mcu.kicad_sch,/00000000-0000-0000-0000-00005037043e,Connector_Generic:Conn_02x10_Odd_Even,BANK2_AUX,hackrf:GSG-HEADER-2x10,,,Y,00000000-0000-0000-0000-0000504571a2
P80,86,mcu.kicad_sch,/00000000-0000-0000-0000-00005037043e,Connector_Generic:Conn_01x02,SHIELD,hackrf:GSG-HEADER-NOMARK-1x2,,,Y,00000000-0000-0000-0000-0000528064fc
Q1,32,frontend.kicad_sch,/00000000-0000-0000-0000-0000503bb638,Device:Q_PMOS_GSD,MOSFET_P,gsg-modules:SOT23-3,Yangzhou Yangjie,YJL2301C,,00000000-0000-0000-0000-0000502e69d1
Q2,32,frontend.kicad_sch,/00000000-0000-0000-0000-0000503bb638,Device:Q_PMOS_GSD,MOSFET_P,gsg-modules:SOT23-3,Yangzhou Yangjie,YJL2301C,,00000000-0000-0000-0000-0000503bf2d7
Q3,32,baseband.kicad_sch,/00000000-0000-0000-0000-000050370666,Device:Q_PMOS_GSD,MOSFET_P,gsg-modules:SOT23-3,Yangzhou Yangjie,YJL2301C,,00000000-0000-0000-0000-0000526af6d0
Q4,32,frontend.kicad_sch,/00000000-0000-0000-0000-0000503bb638,Device:Q_PMOS_GSD,MOSFET_P,gsg-modules:SOT23-3,Yangzhou Yangjie,YJL2301C,,00000000-0000-0000-0000-000052ea11b0
Q5,32,mcu.kicad_sch,/00000000-0000-0000-0000-00005037043e,Device:Q_PMOS_GSD,MOSFET_P,gsg-modules:SOT23-3,Yangzhou Yangjie,YJL2301C,,00000000-0000-0000-0000-000052f14fdb
R1,33,frontend.kicad_sch,/00000000-0000-0000-0000-0000503bb638,Device:R,470,hackrf:GSG-0402,Stackpole,RMCF0402JT470R,,00000000-0000-0000-0000-00004faec850
R2,33,frontend.kicad_sch,/00000000-0000-0000-0000-0000503bb638,Device:R,470,hackrf:GSG-0402,Stackpole,RMCF0402JT470R,,00000000-0000-0000-0000-00004faec856
R3,34,frontend.kicad_sch,/00000000-0000-0000-0000-0000503bb638,Device:R,22k,hackrf:GSG-0402,Panasonic,ERJ-2GEJ223X,,00000000-0000-0000-0000-00004faec8b2
R4,35,frontend.kicad_sch,/00000000-0000-0000-0000-0000503bb638,Device:R,51k,hackrf:GSG-0402,Stackpole,RMCF0402FT51K0,,00000000-0000-0000-0000-00004faecc79
R5,36,frontend.kicad_sch,/00000000-0000-0000-0000-0000503bb638,Device:R,10k,hackrf:GSG-0402,Stackpole,RMCF0402JT10K0,,00000000-0000-0000-0000-00004faece50
R6,36,frontend.kicad_sch,/00000000-0000-0000-0000-0000503bb638,Device:R,10k,hackrf:GSG-0402,Stackpole,RMCF0402JT10K0,,00000000-0000-0000-0000-00004faecfae
R7,36,mcu.kicad_sch,/00000000-0000-0000-0000-00005037043e,Device:R,10k,hackrf:GSG-0402,Stackpole,RMCF0402JT10K0,,00000000-0000-0000-0000-0000504786e0
R8,37,baseband.kicad_sch,/00000000-0000-0000-0000-000050370666,Device:R,1k,hackrf:GSG-0402,Stackpole,RMCF0402FT1K00,,00000000-0000-0000-0000-00004f5bc2e1
R9,37,baseband.kicad_sch,/00000000-0000-0000-0000-000050370666,Device:R,1k,hackrf:GSG-0402,Stackpole,RMCF0402FT1K00,,00000000-0000-0000-0000-0000503f977a
R10,37,baseband.kicad_sch,/00000000-0000-0000-0000-000050370666,Device:R,1k,hackrf:GSG-0402,Stackpole,RMCF0402FT1K00,,00000000-0000-0000-0000-0000503f977b
R11,36,baseband.kicad_sch,/00000000-0000-0000-0000-000050370666,Device:R,10k,hackrf:GSG-0402,Stackpole,RMCF0402JT10K0,,00000000-0000-0000-0000-0000526af8e4
R12,36,mcu.kicad_sch,/00000000-0000-0000-0000-00005037043e,Device:R,10k,hackrf:GSG-0402,Stackpole,RMCF0402JT10K0,,00000000-0000-0000-0000-0000526bfd36
R13,37,baseband.kicad_sch,/00000000-0000-0000-0000-000050370666,Device:R,1k,hackrf:GSG-0402,Stackpole,RMCF0402FT1K00,,00000000-0000-0000-0000-0000503f977d
R14,38,baseband.kicad_sch,/00000000-0000-0000-0000-000050370666,Device:R,4k7,hackrf:GSG-0402,Stackpole,RMCF0402FT4K70,,00000000-0000-0000-0000-0000503c4fa7
R15,38,baseband.kicad_sch,/00000000-0000-0000-0000-000050370666,Device:R,4k7,hackrf:GSG-0402,Stackpole,RMCF0402FT4K70,,00000000-0000-0000-0000-0000503c4fc6
R16,38,baseband.kicad_sch,/00000000-0000-0000-0000-000050370666,Device:R,4k7,hackrf:GSG-0402,Stackpole,RMCF0402FT4K70,,00000000-0000-0000-0000-0000503c4fc7
R17,38,baseband.kicad_sch,/00000000-0000-0000-0000-000050370666,Device:R,4k7,hackrf:GSG-0402,Stackpole,RMCF0402FT4K70,,00000000-0000-0000-0000-0000503c4fc8
R18,39,mcu.kicad_sch,/00000000-0000-0000-0000-00005037043e,Device:R,1k8,hackrf:GSG-0402,Stackpole,RMCF0402JT1K80,,00000000-0000-0000-0000-0000529905c9
R19,40,mcu.kicad_sch,/00000000-0000-0000-0000-00005037043e,Device:R,39,hackrf:GSG-0402,Stackpole,RMCF0402JT39R0,,00000000-0000-0000-0000-0000527ef888
R20,41,baseband.kicad_sch,/00000000-0000-0000-0000-000050370666,Device:R,0,hackrf:GSG-0402,Stackpole,RMCF0402ZT0R00,,00000000-0000-0000-0000-00004f5d68e5
R21,41,baseband.kicad_sch,/00000000-0000-0000-0000-000050370666,Device:R,0,hackrf:GSG-0402,Stackpole,RMCF0402ZT0R00,,00000000-0000-0000-0000-0000503f9c76
R22,41,baseband.kicad_sch,/00000000-0000-0000-0000-000050370666,Device:R,0,hackrf:GSG-0402,Stackpole,RMCF0402ZT0R00,,00000000-0000-0000-0000-0000503f9c78
R23,41,baseband.kicad_sch,/00000000-0000-0000-0000-000050370666,Device:R,0,hackrf:GSG-0402,Stackpole,RMCF0402ZT0R00,,00000000-0000-0000-0000-0000503f9c7c
R24,36,frontend.kicad_sch,/00000000-0000-0000-0000-0000503bb638,Device:R,10k,hackrf:GSG-0402,Stackpole,RMCF0402JT10K0,,00000000-0000-0000-0000-0000503c490b
R25,33,baseband.kicad_sch,/00000000-0000-0000-0000-000050370666,Device:R,475,hackrf:GSG-0402,Stackpole,RMCF0402JT470R,,00000000-0000-0000-0000-00004f5bc059
R26,33,baseband.kicad_sch,/00000000-0000-0000-0000-000050370666,Device:R,475,hackrf:GSG-0402,Stackpole,RMCF0402JT470R,,00000000-0000-0000-0000-00004f5bc065
R27,39,baseband.kicad_sch,/00000000-0000-0000-0000-000050370666,Device:R,1k8,hackrf:GSG-0402,Stackpole,RMCF0402JT1K80,,00000000-0000-0000-0000-00004f5d0602
R28,39,baseband.kicad_sch,/00000000-0000-0000-0000-000050370666,Device:R,1k8,hackrf:GSG-0402,Stackpole,RMCF0402JT1K80,,00000000-0000-0000-0000-000050549522
R29,36,frontend.kicad_sch,/00000000-0000-0000-0000-0000503bb638,Device:R,10k,hackrf:GSG-0402,Stackpole,RMCF0402JT10K0,,00000000-0000-0000-0000-0000503c48ed
R30,40,mcu.kicad_sch,/00000000-0000-0000-0000-00005037043e,Device:R,39,hackrf:GSG-0402,Stackpole,RMCF0402JT39R0,,00000000-0000-0000-0000-0000527f0529
R31,40,baseband.kicad_sch,/00000000-0000-0000-0000-000050370666,Device:R,39,hackrf:GSG-0402,Stackpole,RMCF0402JT39R0,,00000000-0000-0000-0000-0000528ed054
R32,40,baseband.kicad_sch,/00000000-0000-0000-0000-000050370666,Device:R,39,hackrf:GSG-0402,Stackpole,RMCF0402JT39R0,,00000000-0000-0000-0000-0000528ed034
R33,40,baseband.kicad_sch,/00000000-0000-0000-0000-000050370666,Device:R,39,hackrf:GSG-0402,Stackpole,RMCF0402JT39R0,,00000000-0000-0000-0000-0000527f334b
R34,40,mcu.kicad_sch,/00000000-0000-0000-0000-00005037043e,Device:R,39,hackrf:GSG-0402,Stackpole,RMCF0402JT39R0,,00000000-0000-0000-0000-0000528ff14a
R35,87,mcu.kicad_sch,/00000000-0000-0000-0000-00005037043e,Device:R,DNP,hackrf:GSG-0805,,,Y,00000000-0000-0000-0000-00005294026c
R36,36,frontend.kicad_sch,/00000000-0000-0000-0000-0000503bb638,Device:R,10k,hackrf:GSG-0402,Stackpole,RMCF0402JT10K0,,00000000-0000-0000-0000-000052ea1180
R37,36,mcu.kicad_sch,/00000000-0000-0000-0000-00005037043e,Device:R,10k,hackrf:GSG-0402,Stackpole,RMCF0402JT10K0,,00000000-0000-0000-0000-000052f14ffa
R38,42,mcu.kicad_sch,/00000000-0000-0000-0000-00005037043e,Device:R,15.4k,hackrf:GSG-0402,Yageo,RC0402FR-0715K4L,,d22a6812-c531-4af1-b965-8c628d51ed77
R39,43,mcu.kicad_sch,/00000000-0000-0000-0000-00005037043e,Device:R,330k,hackrf:GSG-0402,Stackpole,RMCF0402FT330K,,0e34305b-44dc-42c6-9922-4baa02c77619
R41,36,baseband.kicad_sch,/00000000-0000-0000-0000-000050370666,Device:R,10k,hackrf:GSG-0402,Stackpole,RMCF0402JT10K0,,00000000-0000-0000-0000-0000503c4abc
R42,44,frontend.kicad_sch,/00000000-0000-0000-0000-0000503bb638,Device:R,18,hackrf:GSG-0402,Yageo,RC0402JR-0718RL,,cfb0d460-f9cc-47c1-8edd-3d7ac95be066
R43,44,frontend.kicad_sch,/00000000-0000-0000-0000-0000503bb638,Device:R,18,hackrf:GSG-0402,Yageo,RC0402JR-0718RL,,5758ade7-aa6a-437b-84ed-074444da8cbd
R46,45,mcu.kicad_sch,/00000000-0000-0000-0000-00005037043e,Device:R,162k,hackrf:GSG-0402,Stackpole,RMCF0402FT162K,,00000000-0000-0000-0000-0000503f8429
R47,43,mcu.kicad_sch,/00000000-0000-0000-0000-00005037043e,Device:R,330k,hackrf:GSG-0402,Stackpole,RMCF0402FT330K,,00000000-0000-0000-0000-00004f8203ad
R48,36,mcu.kicad_sch,/00000000-0000-0000-0000-00005037043e,Device:R,10k,hackrf:GSG-0402,Stackpole,RMCF0402JT10K0,,00000000-0000-0000-0000-0000503f9989
R49,36,mcu.kicad_sch,/00000000-0000-0000-0000-00005037043e,Device:R,10k,hackrf:GSG-0402,Stackpole,RMCF0402JT10K0,,00000000-0000-0000-0000-0000503f999f
R51,36,mcu.kicad_sch,/00000000-0000-0000-0000-00005037043e,Device:R,10k,hackrf:GSG-0402,Stackpole,RMCF0402JT10K0,,00000000-0000-0000-0000-0000503f99f3
R52,36,mcu.kicad_sch,/00000000-0000-0000-0000-00005037043e,Device:R,10k,hackrf:GSG-0402,Stackpole,RMCF0402JT10K0,,00000000-0000-0000-0000-0000503f9a07
R54,36,mcu.kicad_sch,/00000000-0000-0000-0000-00005037043e,Device:R,10k,hackrf:GSG-0402,Stackpole,RMCF0402JT10K0,,00000000-0000-0000-0000-0000503f9a10
R55,45,mcu.kicad_sch,/00000000-0000-0000-0000-00005037043e,Device:R,162k,hackrf:GSG-0402,Stackpole,RMCF0402FT162K,,00000000-0000-0000-0000-00004f8203d0
R56,46,mcu.kicad_sch,/00000000-0000-0000-0000-00005037043e,Device:R,715k,hackrf:GSG-0402,Stackpole,RMCF0402FT715K,,00000000-0000-0000-0000-00004f8203a7
R57,41,mcu.kicad_sch,/00000000-0000-0000-0000-00005037043e,Device:R,0,hackrf:GSG-0402,Stackpole,RMCF0402ZT0R00,,00000000-0000-0000-0000-000052f18af9
R58,41,mcu.kicad_sch,/00000000-0000-0000-0000-00005037043e,Device:R,0,hackrf:GSG-0402,Stackpole,RMCF0402ZT0R00,,00000000-0000-0000-0000-000052f18b02
R59,36,mcu.kicad_sch,/00000000-0000-0000-0000-00005037043e,Device:R,10k,hackrf:GSG-0402,Stackpole,RMCF0402JT10K0,,00000000-0000-0000-0000-0000503f9a36
R62,36,mcu.kicad_sch,/00000000-0000-0000-0000-00005037043e,Device:R,10k,hackrf:GSG-0402,Stackpole,RMCF0402JT10K0,,00000000-0000-0000-0000-0000527f56e9
R63,36,mcu.kicad_sch,/00000000-0000-0000-0000-00005037043e,Device:R,10k,hackrf:GSG-0402,Stackpole,RMCF0402JT10K0,,00000000-0000-0000-0000-0000503f996a
R64,36,mcu.kicad_sch,/00000000-0000-0000-0000-00005037043e,Device:R,10k,hackrf:GSG-0402,Stackpole,RMCF0402JT10K0,,00000000-0000-0000-0000-0000503f997a
R65,47,mcu.kicad_sch,/00000000-0000-0000-0000-00005037043e,Device:R,18k,hackrf:GSG-0402,Yageo,RC0402JR-0718KL,,00000000-0000-0000-0000-0000527f56f2
R66,36,mcu.kicad_sch,/00000000-0000-0000-0000-00005037043e,Device:R,10k,hackrf:GSG-0402,Stackpole,RMCF0402JT10K0,,00000000-0000-0000-0000-0000503f997b
R67,36,mcu.kicad_sch,/00000000-0000-0000-0000-00005037043e,Device:R,10k,hackrf:GSG-0402,Stackpole,RMCF0402JT10K0,,00000000-0000-0000-0000-0000503c4eca
R68,36,mcu.kicad_sch,/00000000-0000-0000-0000-00005037043e,Device:R,10k,hackrf:GSG-0402,Stackpole,RMCF0402JT10K0,,00000000-0000-0000-0000-0000503f9945
R69,48,mcu.kicad_sch,/00000000-0000-0000-0000-00005037043e,Device:R,12k,hackrf:GSG-0402,Yageo,RC0402FR-0712KL,,00000000-0000-0000-0000-00004f62b3e5
R72,33,mcu.kicad_sch,/00000000-0000-0000-0000-00005037043e,Device:R,470,hackrf:GSG-0402,Stackpole,RMCF0402JT470R,,00000000-0000-0000-0000-0000503c519a
R73,37,mcu.kicad_sch,/00000000-0000-0000-0000-00005037043e,Device:R,1k,hackrf:GSG-0402,Stackpole,RMCF0402FT1K00,,00000000-0000-0000-0000-00005298fba8
R74,39,mcu.kicad_sch,/00000000-0000-0000-0000-00005037043e,Device:R,1k8,hackrf:GSG-0402,Stackpole,RMCF0402JT1K80,,00000000-0000-0000-0000-00005299055b
R75,33,mcu.kicad_sch,/00000000-0000-0000-0000-00005037043e,Device:R,470,hackrf:GSG-0402,Stackpole,RMCF0402JT470R,,00000000-0000-0000-0000-0000503c51a8
R76,37,mcu.kicad_sch,/00000000-0000-0000-0000-00005037043e,Device:R,1k,hackrf:GSG-0402,Stackpole,RMCF0402FT1K00,,00000000-0000-0000-0000-00005298fc35
R77,40,mcu.kicad_sch,/00000000-0000-0000-0000-00005037043e,Device:R,39,hackrf:GSG-0402,Stackpole,RMCF0402JT39R0,,00000000-0000-0000-0000-0000503f983e
R78,40,mcu.kicad_sch,/00000000-0000-0000-0000-00005037043e,Device:R,39,hackrf:GSG-0402,Stackpole,RMCF0402JT39R0,,00000000-0000-0000-0000-0000503f9856
R79,40,mcu.kicad_sch,/00000000-0000-0000-0000-00005037043e,Device:R,39,hackrf:GSG-0402,Stackpole,RMCF0402JT39R0,,00000000-0000-0000-0000-0000503f9858
R80,40,mcu.kicad_sch,/00000000-0000-0000-0000-00005037043e,Device:R,39,hackrf:GSG-0402,Stackpole,RMCF0402JT39R0,,00000000-0000-0000-0000-0000503f985a
R81,40,mcu.kicad_sch,/00000000-0000-0000-0000-00005037043e,Device:R,39,hackrf:GSG-0402,Stackpole,RMCF0402JT39R0,,00000000-0000-0000-0000-0000503f985b
R85,36,baseband.kicad_sch,/00000000-0000-0000-0000-000050370666,Device:R,10k,hackrf:GSG-0402,Stackpole,RMCF0402JT10K0,,00000000-0000-0000-0000-00005052a7d7
R86,40,mcu.kicad_sch,/00000000-0000-0000-0000-00005037043e,Device:R,39,hackrf:GSG-0402,Stackpole,RMCF0402JT39R0,,00000000-0000-0000-0000-0000503f9874
R87,40,mcu.kicad_sch,/00000000-0000-0000-0000-00005037043e,Device:R,39,hackrf:GSG-0402,Stackpole,RMCF0402JT39R0,,00000000-0000-0000-0000-0000503f9875
R88,40,mcu.kicad_sch,/00000000-0000-0000-0000-00005037043e,Device:R,39,hackrf:GSG-0402,Stackpole,RMCF0402JT39R0,,00000000-0000-0000-0000-0000503f9878
R89,40,mcu.kicad_sch,/00000000-0000-0000-0000-00005037043e,Device:R,39,hackrf:GSG-0402,Stackpole,RMCF0402JT39R0,,00000000-0000-0000-0000-0000503f9879
R90,40,mcu.kicad_sch,/00000000-0000-0000-0000-00005037043e,Device:R,39,hackrf:GSG-0402,Stackpole,RMCF0402JT39R0,,00000000-0000-0000-0000-0000503f987b
R91,40,mcu.kicad_sch,/00000000-0000-0000-0000-00005037043e,Device:R,39,hackrf:GSG-0402,Stackpole,RMCF0402JT39R0,,00000000-0000-0000-0000-0000503f9897
R93,36,mcu.kicad_sch,/00000000-0000-0000-0000-00005037043e,Device:R,10k,hackrf:GSG-0402,Stackpole,RMCF0402JT10K0,,00000000-0000-0000-0000-0000503f9958
R94,40,baseband.kicad_sch,/00000000-0000-0000-0000-000050370666,Device:R,39,hackrf:GSG-0402,Stackpole,RMCF0402JT39R0,,00000000-0000-0000-0000-000050c136db
R96,40,mcu.kicad_sch,/00000000-0000-0000-0000-00005037043e,Device:R,39,hackrf:GSG-0402,Stackpole,RMCF0402JT39R0,,00000000-0000-0000-0000-0000503f989e
R98,40,mcu.kicad_sch,/00000000-0000-0000-0000-00005037043e,Device:R,39,hackrf:GSG-0402,Stackpole,RMCF0402JT39R0,,00000000-0000-0000-0000-0000503f98ac
R99,40,mcu.kicad_sch,/00000000-0000-0000-0000-00005037043e,Device:R,39,hackrf:GSG-0402,Stackpole,RMCF0402JT39R0,,00000000-0000-0000-0000-0000503f98ad
R100,40,mcu.kicad_sch,/00000000-0000-0000-0000-00005037043e,Device:R,39,hackrf:GSG-0402,Stackpole,RMCF0402JT39R0,,00000000-0000-0000-0000-0000503f98af
R104,36,baseband.kicad_sch,/00000000-0000-0000-0000-000050370666,Device:R,10k,hackrf:GSG-0402,Stackpole,RMCF0402JT10K0,,00000000-0000-0000-0000-0000503c4ac5
R105,36,baseband.kicad_sch,/00000000-0000-0000-0000-000050370666,Device:R,10k,hackrf:GSG-0402,Stackpole,RMCF0402JT10K0,,00000000-0000-0000-0000-0000503c4ab0
SW1,49,mcu.kicad_sch,/00000000-0000-0000-0000-00005037043e,hackrf:SW_PUSH_SHIELDED,DFU,hackrf:GSG-SWITCH-FSMRA,TE Connectivity,FSMRA3JH,,00000000-0000-0000-0000-00005248e27d
SW2,49,mcu.kicad_sch,/00000000-0000-0000-0000-00005037043e,hackrf:SW_PUSH_SHIELDED,RESET,hackrf:GSG-SWITCH-FSMRA,TE Connectivity,FSMRA3JH,,00000000-0000-0000-0000-00005248ff4f
T1,50,frontend.kicad_sch,/00000000-0000-0000-0000-0000503bb638,hackrf:BALUN-B0310J50100AHF,MIX_IN_BALUN,hackrf:GSG-B0310J50100AHF,TTM,B0310J50100AHF,,00000000-0000-0000-0000-0000501ef483
T2,50,frontend.kicad_sch,/00000000-0000-0000-0000-0000503bb638,hackrf:BALUN-B0310J50100AHF,MIX_OUT_BALUN,hackrf:GSG-B0310J50100AHF,TTM,B0310J50100AHF,,00000000-0000-0000-0000-0000501ef4a4
T3,51,baseband.kicad_sch,/00000000-0000-0000-0000-000050370666,hackrf:BALUN-2500BL14M100T,RX_BALUN,hackrf:GSG-2500BL14M100,Johanson Technology,2500BL14M100T,,00000000-0000-0000-0000-00004f5bdb90
T4,51,baseband.kicad_sch,/00000000-0000-0000-0000-000050370666,hackrf:BALUN-2500BL14M100T,TX_BALUN,hackrf:GSG-2500BL14M100,Johanson Technology,2500BL14M100T,,00000000-0000-0000-0000-00004f5bdc0f
U1,52,frontend.kicad_sch,/00000000-0000-0000-0000-0000503bb638,gsg-symbols:SKY13453,SKY13453,gsg-modules:SKY13350-385LF,Skyworks,SKY13453-385LF,,00000000-0000-0000-0000-0000501ef778
U2,52,frontend.kicad_sch,/00000000-0000-0000-0000-0000503bb638,gsg-symbols:SKY13453,SKY13453,gsg-modules:SKY13350-385LF,Skyworks,SKY13453-385LF,,00000000-0000-0000-0000-0000502b490f
U3,53,frontend.kicad_sch,/00000000-0000-0000-0000-0000503bb638,hackrf:FIL-LP0603,LOWPASS_FILTER,hackrf:GSG-LP0603,AVX,LP0603A1880ANTR,,00000000-0000-0000-0000-00004f94d561
U4,54,frontend.kicad_sch,/00000000-0000-0000-0000-0000503bb638,hackrf:RFFC5072,RFFC5072,hackrf:GSG-QFN32,RFMD,RFFC5072TR7,,00000000-0000-0000-0000-0000502be21c
U5,52,frontend.kicad_sch,/00000000-0000-0000-0000-0000503bb638,gsg-symbols:SKY13453,SKY13453,gsg-modules:SKY13350-385LF,Skyworks,SKY13453-385LF,,00000000-0000-0000-0000-0000501f3b20
U6,52,frontend.kicad_sch,/00000000-0000-0000-0000-0000503bb638,gsg-symbols:SKY13453,SKY13453,gsg-modules:SKY13350-385LF,Skyworks,SKY13453-385LF,,00000000-0000-0000-0000-0000501ef258
U7,52,frontend.kicad_sch,/00000000-0000-0000-0000-0000503bb638,gsg-symbols:SKY13453,SKY13453,gsg-modules:SKY13350-385LF,Skyworks,SKY13453-385LF,,00000000-0000-0000-0000-0000502b477e
U8,55,frontend.kicad_sch,/00000000-0000-0000-0000-0000503bb638,hackrf:FIL-DEA,HIGHPASS_FILTER,hackrf:GSG-HP-DEA,TDK,DEA162400HT-8004B1,,00000000-0000-0000-0000-00004f94d4f4
U9,56,frontend.kicad_sch,/00000000-0000-0000-0000-0000503bb638,hackrf:SKY13317,SKY13317,hackrf:GSG-SKY13317-373LF,Skyworks,SKY13317-373LF,,00000000-0000-0000-0000-0000502b5704
U10,52,frontend.kicad_sch,/00000000-0000-0000-0000-0000503bb638,gsg-symbols:SKY13453,SKY13453,gsg-modules:SKY13350-385LF,Skyworks,SKY13453-385LF,,00000000-0000-0000-0000-0000502b4c1c
U11,52,frontend.kicad_sch,/00000000-0000-0000-0000-0000503bb638,gsg-symbols:SKY13453,SKY13453,gsg-modules:SKY13350-385LF,Skyworks,SKY13453-385LF,,00000000-0000-0000-0000-0000501ef646
U12,56,frontend.kicad_sch,/00000000-0000-0000-0000-0000503bb638,hackrf:SKY13317,SKY13317,hackrf:GSG-SKY13317-373LF,Skyworks,SKY13317-373LF,,00000000-0000-0000-0000-0000502c6bdf
U13,57,frontend.kicad_sch,/00000000-0000-0000-0000-0000503bb638,hackrf:MGA-81563,MGA-81563,hackrf:GSG-SOT363,Avago,MGA-81563-TR1G,,00000000-0000-0000-0000-0000502de480
U14,56,frontend.kicad_sch,/00000000-0000-0000-0000-0000503bb638,hackrf:SKY13317,SKY13317,hackrf:GSG-SKY13317-373LF,Skyworks,SKY13317-373LF,,00000000-0000-0000-0000-0000502c6be2
U15,58,mcu.kicad_sch,/00000000-0000-0000-0000-00005037043e,hackrf:LXES1TBCC2-004,TVS,hackrf:GSG-LXES1TBCC2-004,Vishay,VBUS54CV-HSF-G4-08,,00000000-0000-0000-0000-0000528007f8
U17,59,baseband.kicad_sch,/00000000-0000-0000-0000-000050370666,hackrf:MAX2837,MAX2837,hackrf:GSG-QFN48-6,Maxim,MAX2837ETM+T,,00000000-0000-0000-0000-00004f5bbc9d
U18,60,baseband.kicad_sch,/00000000-0000-0000-0000-000050370666,hackrf:MAX5864,MAX5864,hackrf:GSG-QFN48-7,Maxim,MAX5864ETM+T,,00000000-0000-0000-0000-00004f5bbca6
U19,61,baseband.kicad_sch,/00000000-0000-0000-0000-000050370666,hackrf:SI5351C,SI5351C,hackrf:GSG-QFN20-4,Silicon Laboratories Inc,SI5351C-B-GM,,00000000-0000-0000-0000-00004f5d0564
U20,62,mcu.kicad_sch,/00000000-0000-0000-0000-00005037043e,hackrf:W25Q80BV,W25Q80,hackrf:GSG-SOIC8-208,Winbond,W25Q80DVSSIG,,00000000-0000-0000-0000-00004f825d1b
U21,63,mcu.kicad_sch,/00000000-0000-0000-0000-00005037043e,hackrf:TPS62410,TPS62410,hackrf:GSG-S-PVSON-N10,Texas Instruments,TPS62410DRCR,,00000000-0000-0000-0000-00004f8201bf
U23,64,mcu.kicad_sch,/00000000-0000-0000-0000-00005037043e,hackrf:LPC43XXFBD144,LPC4320FBD144,hackrf:GSG-LQFP144,NXP,"LPC4320FBD144,551",,00000000-0000-0000-0000-00004f6291fc
U24,65,mcu.kicad_sch,/00000000-0000-0000-0000-00005037043e,hackrf:GSG-XC2C64A-7VQG100C,GSG-XC2C64A-7VQG100C,hackrf:GSG-VQ100,Xilinx,XC2C64A-7VQG100C,,00000000-0000-0000-0000-00004f7a3924
U25,57,frontend.kicad_sch,/00000000-0000-0000-0000-0000503bb638,hackrf:MGA-81563,MGA-81563,hackrf:GSG-SOT363,Avago,MGA-81563-TR1G,,00000000-0000-0000-0000-0000503bf2dd
X1,66,baseband.kicad_sch,/00000000-0000-0000-0000-000050370666,hackrf:GSG-XTAL4PIN,MAIN_XTAL,hackrf:GSG-XTAL3.2x2.5mm,Abracon,ABM8-25.000MHZ-10-D1G-T,,00000000-0000-0000-0000-00004f5d0b05
X2,67,mcu.kicad_sch,/00000000-0000-0000-0000-00005037043e,hackrf:GSG-XTAL4PIN,MCU_XTAL,hackrf:GSG-XTAL3.2x2.5mm,TXC,7V-12.000MAAE-T,,00000000-0000-0000-0000-000050370e89
X3,68,mcu.kicad_sch,/00000000-0000-0000-0000-00005037043e,Device:Crystal,RTC_XTAL,hackrf:GSG-XTAL-AB26TRQ,Abracon,AB26TRQ-32.768KHZ-T,,00000000-0000-0000-0000-000052490bb4
