Item,Qty,Reference Designators,Value,Description,Footprint,Manufacturer,Manufacturer Part Number,Supplier Part Numbers,Parameters,DNP,Alternates,Flags
1,1,BT1,Battery_Holder_MS621FE-FL11E,"Rechargeable Battery, Coin Cell, Single Cell, 3 V, Lithium Manganese Dioxide, 5.5 mAh, Button Cell",antmicro-footprints:MS621FE-FL11E,Seiko Instruments,MS621FE-FL11E,,,,0,
2,196,"C1,C2,C5,C6,C9,C10,C11,C17,C18,C33,C36,C39,C40,C41,C44,C47,C48,C49,C51,C57,C58,C59,C60,C61,C65,C77,C79,C80,C81,C82,C83,C85,C86,C87,C88,C89,C90,C91,C92,C93,C94,C95,C96,C97,C98,C99,C100,C101,C102,C103,C104,C106,C107,C108,C109,C110,C111,C112,C113,C114,C116,C117,C119,C122,C125,C126,C127,C128,C129,C130,C131,C132,C133,C134,C136,C137,C140,C141,C142,C143,C144,C145,C148,C152,C153,C154,C155,C156,C157,C158,C159,C162,C163,C166,C167,C169,C171,C172,C173,C174,C175,C176,C177,C178,C179,C180,C189,C197,C199,C200,C201,C202,C203,C204,C205,C206,C208,C209,C210,C216,C217,C221,C223,C225,C232,C233,C234,C236,C239,C243,C246,C252,C253,C254,C255,C256,C263,C264,C272,C278,C281,C304,C313,C314,C315,C316,C317,C318,C319,C320,C321,C322,C323,C324,C325,C326,C327,C328,C329,C330,C331,C332,C333,C334,C335,C336,C337,C338,C339,C340,C341,C342,C343,C344,C345,C346,C347,C348,C349,C350,C351,C352,C353,C354,C355,C356,C357,C358,C374,C377,C382,C383,C384,C385,C386,C387",C_100n_0402,"SMD Multilayer Ceramic Capacitor, 0.1 µF, 50 V, 0402 [1005 Metric], ± 10%, X5R, GRM Series",antmicro-footprints:C_0402_1005Metric,Murata,GRM155R61H104KE14D,,Voltage=50V; Dielectric=X5R,,0,
3,18,"C3,C4,C12,C13,C14,C15,C16,C25,C75,C118,C120,C121,C124,C135,C139,C147,C207,C231",C_10u_0402,"SMD Multilayer Ceramic Capacitor, 10 µF, 6.3 V, 0402 [1005 Metric], ± 20%, X5R, CC Series",antmicro-footprints:C_0402_1005Metric,YAGEO,CC0402MRX5R5BB106,,,,0,
4,35,"C7,C19,C20,C21,C22,C23,C24,C31,C32,C35,C37,C62,C63,C64,C66,C67,C69,C70,C71,C72,C73,C74,C76,C168,C170,C190,C191,C192,C193,C198,C224,C305,C310,C311,C312",C_22u_16V_0603,SMD Multilayer Ceramic Capacitor,antmicro-footprints:C_0603_1608Metric_EIA,Samsung Electro-Mechanics,CL10A226MO7JZNC,,Voltage=16V; Dielectric=X7R,,0,
5,75,"C26,C27,C28,C29,C42,C43,C45,C46,C50,C68,C78,C105,C115,C123,C151,C222,C227,C228,C229,C230,C235,C241,C242,C247,C248,C249,C250,C257,C258,C259,C260,C267,C268,C269,C270,C271,C273,C274,C275,C276,C277,C282,C283,C284,C285,C286,C287,C288,C289,C290,C291,C292,C293,C294,C295,C296,C297,C298,C299,C300,C301,C302,C303,C306,C307,C308,C309,C370,C371,C372,C373,C378,C379,C380,C381",C_22u_25V_0805,"SMT Multilayer Ceramic Capacitor, 22uF, +/-20%, 25V, X5R, 0805 [2012 Metric]",antmicro-footprints:C_0805_2012Metric,Samsung Electro-Mechanics,CL21A226MAYNNNE,,Voltage=25V; Dielectric=X5R,,0,
6,10,"C52,C53,C54,C160,C161,C164,C165,C244,C279,C375",C_1u_0402,"SMD Multilayer Ceramic Capacitor, 1 µF, 10 V, 0402 [1005 Metric], ± 10%, X6S, C",antmicro-footprints:C_0402_1005Metric,TDK,C1005X6S1A105K050BC,,,,0,
7,8,"C55,C56,C138,C146,C218,C245,C280,C376",C_4u7_25V_0402,SMD Multilayer Ceramic Capacitor,antmicro-footprints:C_0402_1005Metric,Murata,GRM155C61E475ME15J,,Voltage=25V; Dielectric=X5S,,0,
8,9,"C84,C226,C251,C265,C266,C359,C365,C366,C404",C_1u_25V_0402,"SMD Multilayer Ceramic Capacitor, 1 µF, 25 V, 0402 [1005 Metric], ± 10%, X5R, GRM Series",antmicro-footprints:C_0402_1005Metric,Murata,GRM155R61E105KE11J,,Voltage=25V; Dielectric=X5R,,0,
9,2,"C149,C150",C_47p_0402,"SMD Multilayer Ceramic Capacitor, 47 pF, 50 V, 0402 [1005 Metric], ± 5%, C0G / NP0, C Series KEMET",antmicro-footprints:C_0402_1005Metric,KEMET,C0402C470J5GACTU,,Dielectric=C0G,,0,
10,16,"C181,C182,C183,C184,C185,C186,C187,C188,C194,C196,C211,C212,C213,C214,C219,C220",C_220n_0402,"SMD Multilayer Ceramic Capacitor, 0.22 µF, 10 V, 0402 [1005 Metric], ± 10%, X5R, CC Series",antmicro-footprints:C_0402_1005Metric,YAGEO,CC0402KRX5R6BB224,,Voltage=25V; Dielectric=X7R,,0,
11,1,C195,C_1n_0402,"SMD Multilayer Ceramic Capacitor, 1000 pF, 50 V, 0402 [1005 Metric], ± 5%, C0G / NP0, GRM Series",antmicro-footprints:C_0402_1005Metric,Murata,GRM1555C1H102JA01D,,Voltage=50V; Dielectric=C0G,,0,
12,8,"D1,D15,D16,D17,D57,D58,D59,D60",RB521S30T1G,"Small Signal Schottky Diode, Single, 30 V, 200 mA, 500 mV, 1 A, 125 °C",antmicro-footprints:SOD-523,ON Semiconductor,RB521S30T1G,,,,0,
13,1,D2,"PTVS26VS1UR,115","Unidirectional TVS, 8 kV,  SOD-123F, 26 V, 400 W",antmicro-footprints:D_SOD-123,Nexperia,"PTVS26VS1UR,115",,,,0,
14,35,"D3,D4,D6,D10,D12,D14,D18,D19,D20,D21,D24,D25,D26,D27,D28,D29,D31,D32,D33,D34,D35,D36,D40,D41,D42,D43,D44,D47,D49,D51,D52,D53,D61,D63,D65",LED_G_0603_LTST-C190GKT,"LED, Green, SMD, 0603, 20 mA, 2.1 V, 569 nm",antmicro-footprints:LED_0603_1608Metric_G,Lite-On,LTST-C190GKT,,Color=Green,,0,
15,5,"D5,D37,D38,D46,D54",TPD1E0B04_XDFN-2,"Bidirectional TVS, 8 kV,  XDFN-2, 3.6 V, 0.18 pF",antmicro-footprints:XDFN-2_1x0.60mm,Texas Instruments,TPD1E0B04DPYR,,,,0,
16,6,"D7,D13,D22,D23,D56,D64",ESDA25P35-1U1M,"Unidirectional TVS, 30 kV, QFN-2L, 22 V, 195 pF",antmicro-footprints:QFN-2L_1.6x1x0.55mm,STMicroelectronics,ESDA25P35-1U1M,,,,0,
17,9,"D8,D9,D11,D39,D45,D48,D50,D55,D62",PESD5Z5.0F,"Unidirectional TVS, 30 kV,  SOD-523, 5 V, 89 pF",antmicro-footprints:SOD-523,Nexperia,PESD5Z5.0F,,,,0,
18,1,D30,LED_Y_0603_LTST-C191KSKT,"LED, Yellow, SMD, 0603, 30 mA, 2.1 V, 588 nm",antmicro-footprints:LED_0603_1608Metric_Y,Lite-On,LTST-C191KSKT,,Color=Yellow,,0,
19,7,"H1,H2,H3,H4,H11,H12,H13",Spacer_Drill3.7mm_H8mm_9774080151R,"Spacer, SMT, Non Stop, Steel, Swage Round, 5.1 mm x 8 mm, M2.5 Thread, WA-SMSI Series",antmicro-footprints:Spacer_Drill3.7mm_H8mm_9774080151R,Würth Elektronik,9774080151R,,,,0,
20,4,"H5,H6,H7,H8",Spacer_Drill4.45mm_H4mm_9774040960R,"Spacer, SMT, Non Stop, Steel, Swage Round, 6 mm x 4 mm, 3.3 mm Internal, WA-SMST Series",antmicro-footprints:Spacer_Drill4.45mm_H4mm_9774040960R,Würth Elektronik,9774040960R,,,,0,
21,2,"H9,H10",Spacer_Drill3.7mm_H2.5mm_9774025151R,"Spacer, SMT, Non Stop, Steel, Swage Round, 5.1 mm x 2.5 mm, M2.5 Thread, WA-SMSI Series",antmicro-footprints:Spacer_Drill3.7mm_H2.5mm_9774025151R,Würth Elektronik,9774025151R,,,,0,
22,2,"H14,H15",Lightpipe_Bivar_SLP3-150-150-F,"LED Light Pipe, Rigid Board, Horizontal",antmicro-footprints:Mech_Lightpipe_Bivar_SLP3-150-150-F,BIVAR,SLP3-150-150-F,,,,0,
23,1,J1,Hermaphroditic_Molex_203456-0003_CUSTOM_Jetson_AGX_Thor_H8mm,"Mirror Mezz Hermaphroditic Connector, 5.50mm Connector Height, BGA-Attach Mounting, 7 Pair, 11 Row, 699 Circuits, 0.76µm Gold Plating, without Pegs",antmicro-footprints:Conn_Hermaphroditic_Molex_203456-0003_mirrored,Molex,203456-0003,,,,0,
24,1,J2,Molex_Mini-Fit_2x3_50362462,"Pin Header, Wire-to-Board, 2 Rows, 6 Contacts, Through Hole Right-Angle, Mini-Fit, 13A/pin, 600V, 4.2mm",antmicro-footprints:Molex_Mini-Fit_2x3_50362462,Molex,50362462,,,,0,
25,5,"J3,J5,J6,J7,J9",USB-C_Kycon_KUSBX-SL2-CS1N24-B-TR,"USB-C (USB TYPE-C) USB 3.2 Gen 2 (USB 3.1 Gen 2, Superspeed + (USB 3.1)) USB PD Receptacle Connector 24 Position Surface Mount",antmicro-footprints:USB-C_Receptacle_Kycon_KUSBX-SL2-CS1N24-B-TR,Kycon,KUSBX-SL2-CS1N24-B-TR,,,,0,
26,1,J8,Plug_Samtec_UMPT_1x6_UMPT-06-02.5-L-V-S-W-TR,"2.00 mm mPOWER® Ultra Micro Power Terminal, Vertical",antmicro-footprints:Conn_Plug_Samtec_UMPT_1x6_UMPT-06-02.5-L-V-S-W-TR,Samtec,UMPT-06-02.5-L-V-S-W-TR,,,,0,
27,2,"J10,J11",Conn_FFC_WE_68715014522,FFC connector,antmicro-footprints:Conn_FFC_WE_68715014x22,Würth Elektronik,68715014522,,,,0,
28,1,J12,Amphenol_SFP28_1x20_UE763GA202600T,"20 Position SFP28 Receptacle with no Cage, Right Angle",antmicro-footprints:Conn_Amphenol_SFP28_1x20_UE763GA202600T,Amphenol,UE763GA202600T,,,,0,
29,1,J13,Bus_M.2_1-2199230-6,"Key M Card Edge Connector, 0, Dual Side, 67 Contacts, Surface Mount, Right Angle, Solder",antmicro-footprints:Bus_M.2_Socket_Key_M_TE_1-2199230-6,TE Connectivity,1-2199230-6,,,,0,
30,1,J14,Bus_M.2_2199230-2,"Key E, PCI connector",antmicro-footprints:Bus_M.2_Socket_Key_E_TE_2199230-6,TE Connectivity,2199230-2,,,,0,
31,1,J15,Molex_PicoBlade_1x4_0533980471,"Pin Header, Vertical, Signal, 1.25 mm, 1 Rows, 4 Contacts, Surface Mount Straight",antmicro-footprints:Conn_Molex_PicoBlade_1x4_0533980471,Molex,0533980471,,,,0,
32,2,"J16,J17",JST_SH_1x4_SM04B-SRSS-TB-LF-SN,"Pin Header, Right Angle, Wire-to-Board, 1 mm, 1 Rows, 4 Contacts, Surface Mount Right Angle, SH",antmicro-footprints:Conn_JST_SH_1x4_SM04B-SRSS-TB-LF-SN,JST Automotive Connectors,SM04B-SRSS-TB(LF)(SN),,,,0,
33,1,J18,ASP-208571-01_mounting_holes,FMC connector,antmicro-footprints:ASP-208571-01_mounting_holes,Samtec,ASP-208571-01,,,,0,
34,1,J19,Amphenol_SFP28_Cage_U773GC16382071,SFP28 Receptacle Cage,antmicro-footprints:Conn_Amphenol_SFP28_Cage_U773GC16382071,Amphenol,U773GC16382071,,,,0,
35,1,L1,L_1u_20A_Bourns-SRP6050CA,"Power Inductor (SMT), 1 µH, 20 A, Shielded, 23 A, SRP6050CA",antmicro-footprints:L_Bourns-SRP6050CA,Bourns,SRP6050CA-1R0M,,ISat=23 A; IMax=20 A; Size=6.6x6.4,,0,
36,1,L2,L_560n_17.7A_Bourns-SRP5030CA,"Power Inductor (SMT), 560 nH, 17.7 A, Shielded, 22.2 A, SRP5030CA",antmicro-footprints:L_Bourns-SRP5030CA,Bourns,SRP5030CA-R56M,,ISat=22.2 A; IMax=17.7 A; Size=5.5x5.3,,0,
37,2,"L3,L4",L_3u3_15.1A_Coilcraft-XAL7070,"Power Inductor (SMD), 3.3 µH, 15.1 A, Shielded, 19.4 A, XAL7070",antmicro-footprints:L_Coilcraft-XAL7070,Coilcraft,XAL7070-332MEB,,ISat=19.4 A; IMax=15.1 A; Size=7.7x8,,0,
38,2,"L5,L7",L_1u8_6.8A_WE-MAPI-4020,Power Inductors - SMD WE-MAPI 1.8uH 4.6A DCR=30mOhms AEC-Q200,antmicro-footprints:L_WE-MAPI-4020,Würth Elektronik,74438356018,,ISat=6.5 A; IMax=6.8 A; Size=4.1x4.1mm,,0,
39,1,L6,L_6u8_6.1A_MPS-MPL-AL5050,"Power Inductor (SMT), 6.8 µH, 6.1 A, Shielded, 7.6 A, MPL-AL",antmicro-footprints:L_MPS-MPL-AL5050,Monolithic Power Systems,MPL-AL5050-6R8,,ISat=7.6 A; IMax=6.1 A; Size=5.5x5.3,,0,
40,1,L8,L_3u3_6A_Bourns-SRP7028A,"Power Inductor (SMD), 3.3 µH, 6 A, Shielded, 12 A, SRP7028A Series",antmicro-footprints:L_Bourns-SRP7028A,Bourns,SRP7028A-3R3M,,ISat=12 A; IMax=6 A; Size=7.3x6.6x2.8,,0,
41,25,"Q1,Q2,Q3,Q4,Q6,Q7,Q8,Q10,Q11,Q12,Q13,Q14,Q15,Q16,Q17,Q18,Q19,Q20,Q22,Q30,Q34,Q35,Q37,Q38,Q40",DMG1012T-7,"Power MOSFET, N Channel, 20 V, 630 mA, 0.3 ohm, SOT-523, Surface Mount",antmicro-footprints:SOT-523,Diodes Incorporated,DMG1012T-7,,,,0,
42,7,"Q9,Q24,Q25,Q32,Q33,Q41,Q42",SISS05DN-T1-GE3,"Power MOSFET, P Channel, 30 V, 108 A, 0.0035 ohm, PowerPAK 1212, Surface Mount",antmicro-footprints:Vishay_PowerPAK_1212-8_Single,Vishay,SISS05DN-T1-GE3,,,,0,
43,4,"Q21,Q26,Q27,Q29",DMC2400UV-7,"Dual MOSFET, Complementary N and P Channel, 20 V, 20 V, 1.03 A, 1.03 A, 0.3 ohm",antmicro-footprints:SOT-563,Diodes Incorporated,DMC2400UV-7,,,,0,
44,21,"R1,R11,R20,R29,R47,R95,R97,R115,R116,R117,R166,R175,R194,R229,R233,R239,R272,R311,R325,R327,R363",R_100k_0402,"SMD Chip Resistor, 100 kohm, ± 1%, 62.5 mW, 0402 [1005 Metric], Thick Film, General Purpose",antmicro-footprints:R_0402_1005Metric,Bourns,CR0402-FX-1003GLF,,Tolerance=1%,,0,
45,4,"R2,R3,R8,R190",R_33R_0402,"SMD Chip Resistor, 33 ohm, ± 1%, 62.5 mW, 0402 [1005 Metric], Thick Film, General Purpose",antmicro-footprints:R_0402_1005Metric,Bourns,CR0402-FX-33R0GLF,,Tolerance=1%,,0,
46,4,"R4,R5,R191,R193",R_49R9_0402,"SMD Chip Resistor, 49.9 ohm, ± 1%, 62.5 mW, 0402 [1005 Metric], Thick Film, General Purpose",antmicro-footprints:R_0402_1005Metric,Bourns,CR0402-FX-49R9GLF,,Tolerance=1%,,0,
47,26,"R6,R17,R27,R51,R73,R146,R153,R164,R171,R259,R270,R360,R361,R362,R373,R374,R375,R376,R377,R389,R390,R391,R392,R393,R394,R412",R_2k2_0402,"SMD Chip Resistor, 2.2 kohm, ± 1%, 62.5 mW, 0402 [1005 Metric], Thick Film, General Purpose",antmicro-footprints:R_0402_1005Metric,Bourns,CR0402-FX-2201GLF,,Tolerance=1%,,0,
48,6,"R7,R10,R22,R63,R76,R213",R_0R_22.4A_0603,SMD Chip Resistor,antmicro-footprints:R_0603_1608Metric,ROHM Semiconductor,PMR03EZPJ000,,,,0,
49,2,"R9,R66",R_11k_0402,"SMD Chip Resistor, 11 kohm, ± 1%, 62.5 mW, 0402 [1005 Metric], Thick Film, General Purpose",antmicro-footprints:R_0402_1005Metric,Bourns,CR0402-FX-1102GLF,,Tolerance=1%,,0,
50,4,"R13,R19,R37,R39",R_499k_0402,"SMD Chip Resistor, 499 kohm, ± 1%, 63 mW, 0402 [1005 Metric], Thick Film, General Purpose",antmicro-footprints:R_0402_1005Metric,Bourns,CR0402-FX-4993GLF,,Tolerance=1%,,0,
51,60,"R14,R18,R24,R53,R55,R67,R68,R70,R72,R81,R83,R84,R86,R87,R96,R98,R125,R127,R144,R145,R150,R152,R167,R168,R176,R224,R230,R232,R235,R237,R238,R241,R243,R245,R256,R266,R269,R273,R274,R278,R287,R299,R300,R303,R304,R305,R307,R313,R319,R328,R329,R332,R333,R334,R335,R338,R343,R349,R355,R417",R_10k_0402,"SMD Chip Resistor, 10 kohm, ± 1%, 62.5 mW, 0402 [1005 Metric], Thick Film, General Purpose",antmicro-footprints:R_0402_1005Metric,Bourns,CR0402-FX-1002GLF,,Tolerance=1%,,0,
52,1,R15,R_51k_0402,"SMD Chip Resistor, 51 kohm, ± 1%, 63 mW, 0402 [1005 Metric], Thick Film, General Purpose",antmicro-footprints:R_0402_1005Metric,Bourns,CR0402-FX-5102GLF,,Tolerance=1%,,0,
53,2,"R16,R85",R_12k_0402,"SMD Chip Resistor, 12 kohm, ± 1%, 62.5 mW, 0402 [1005 Metric], Thick Film, General Purpose",antmicro-footprints:R_0402_1005Metric,Bourns,CR0402-FX-1202GLF,,Tolerance=1%,,0,
54,76,"R21,R28,R44,R46,R48,R49,R57,R58,R62,R93,R106,R110,R111,R112,R118,R123,R124,R143,R151,R158,R160,R162,R163,R169,R181,R184,R185,R186,R187,R198,R199,R201,R202,R206,R207,R208,R212,R214,R215,R216,R217,R218,R219,R223,R226,R227,R264,R268,R276,R277,R297,R298,R301,R302,R339,R344,R345,R346,R347,R351,R381,R382,R383,R384,R395,R396,R397,R398,R399,R400,R401,R402,R403,R404,R405,R406",R_0R_0402,"SMD Chip Resistor, Jumper, 0 ohm, 100 mW, 0402 [1005 Metric], Thick Film, General Purpose",antmicro-footprints:R_0402_1005Metric,Panasonic,ERJ2GE0R00X,,Current=1A,,0,
55,12,"R30,R41,R42,R43,R80,R91,R255,R279,R280,R310,R322,R324",R_200k_0402,"SMD Chip Resistor, 200 kohm, ± 1%, 62.5 mW, 0402 [1005 Metric], Thick Film, General Purpose",antmicro-footprints:R_0402_1005Metric,Bourns,CR0402-FX-2003GLF,,Tolerance=1%,,0,
56,2,"R31,R318",R_15k_0402,"SMD Chip Resistor, 15 kohm, ± 1%, 62.5 mW, 0402 [1005 Metric], Thick Film, General Purpose",antmicro-footprints:R_0402_1005Metric,Bourns,CR0402-FX-1502GLF,,Tolerance=1%,,0,
57,17,"R32,R79,R108,R109,R119,R120,R177,R182,R204,R205,R211,R221,R222,R231,R234,R242,R246",R_200R_0402,"SMD Chip Resistor, 200 ohm, ± 1%, 62.5 mW, 0402 [1005 Metric], Thick Film, General Purpose",antmicro-footprints:R_0402_1005Metric,Bourns,CR0402-FX-2000GLF,,Tolerance=1%,,0,
58,17,"R35,R50,R56,R59,R60,R61,R64,R74,R156,R178,R183,R240,R257,R260,R271,R306,R407",R_470R_0402,"SMD Chip Resistor, 470 ohm, ± 1%, 62.5 mW, 0402 [1005 Metric], Thick Film, General Purpose",antmicro-footprints:R_0402_1005Metric,Bourns,CR0402-FX-4700GLF,,Tolerance=1%,,0,
59,1,R45,R_3k92_0402,"SMD Chip Resistor, 3.92 kohm, ± 1%, 100 mW, 0402 [1005 Metric], Thick Film, Precision",antmicro-footprints:R_0402_1005Metric,Bourns,CR0402-FX-3921GLF,,Tolerance=1%,,0,
60,2,"R52,R312",R_73k2_0402,SMD Chip Resistor,antmicro-footprints:R_0402_1005Metric,Bourns,CR0402-FX-7322GLF,,Tolerance=1%,,0,
61,1,R54,R_45k3_0402,SMD Chip Resistor,antmicro-footprints:R_0402_1005Metric,Bourns,CR0402-FX-4532GLF,,Tolerance=1%,,0,
62,5,"R65,R77,R258,R284,R366",R_0R001_0805,"Current Sense Resistors - SMD MSMA, 0805 SIZE, 1/2 Watt, 1 mohm, 50 TCR MnCu Metal AEC-Q",antmicro-footprints:R_0805_2012Metric,Eaton,MSMA0805R0010FSM,,Tolerance=1%,,0,
63,1,R69,R_255k_0402,"SMD Chip Resistor, 255 kohm, ± 1%, 100 mW, 0402 [1005 Metric], Thick Film, Precision",antmicro-footprints:R_0402_1005Metric,Bourns,CR0402-FX-2553GLF,,Tolerance=1%,,0,
64,5,"R75,R82,R92,R262,R296",R_49k9_0402,"SMD Chip Resistor, 49.9 kohm, ± 1%, 63 mW, 0402 [1005 Metric], Thick Film, General Purpose",antmicro-footprints:R_0402_1005Metric,Bourns,CR0402-FX-4992GLF,,Tolerance=1%,,0,
65,1,R94,R_330k_0402,SMD Chip Resistor,antmicro-footprints:R_0402_1005Metric,Bourns,CR0402-FX-3303GLF,,Tolerance=1%,,0,
66,1,R102,R_220R_1206,"SMT Chip Resistor, 220 ohm, ± 1%, 250 mW, 1206 [3216 Metric]",antmicro-footprints:R_1206_3216Metric,Bourns,CR1206-FX-2200ELF,,Tolerance=1%,,0,
67,8,"R105,R107,R157,R172,R173,R179,R180,R225",R_4k7_0402,"SMD Chip Resistor, 4.7 kohm, ± 1%, 62.5 mW, 0402 [1005 Metric], Thick Film, General Purpose",antmicro-footprints:R_0402_1005Metric,Bourns,CR0402-FX-4701GLF,,Tolerance=1%,,0,
68,12,"R113,R114,R129,R133,R137,R141,R188,R189,R192,R197,R265,R372",R_1k_0402,"SMD Chip Resistor, 1 kohm, ± 1%, 63 mW, 0402 [1005 Metric], Thick Film, General Purpose",antmicro-footprints:R_0402_1005Metric,Bourns,CR0402-FX-1001GLF,,Tolerance=1%,,0,
69,12,"R147,R148,R314,R315,R316,R364,R365,R367,R368,R369,R370,R371",R_27R_0402,"SMD Chip Resistor, 27 ohm, ± 1%, 63 mW, 0402 [1005 Metric], Thick Film, General Purpose",antmicro-footprints:R_0402_1005Metric,Bourns,CR0402-FX-27R0GLF,,Tolerance=1%,,0,
70,2,"R154,R155",R_2M_0402,"SMD Chip Resistor, 2 Mohm, ± 1%, 62.5 mW, 0402 [1005 Metric], Thick Film, General Purpose",antmicro-footprints:R_0402_1005Metric,YAGEO,RC0402FR-072ML,,Tolerance=1%,,0,
71,1,R200,R_330R_0402,"SMD Chip Resistor, 330 ohm, ± 1%, 62.5 mW, 0402 [1005 Metric], Thick Film, General Purpose",antmicro-footprints:R_0402_1005Metric,Bourns,CR0402-FX-3300GLF,,Tolerance=1%,,0,
72,3,"R203,R220,R288",R_47k_0402,"SMD Chip Resistor, 47 kohm, ± 1%, 62.5 mW, 0402 [1005 Metric], Thick Film, General Purpose",antmicro-footprints:R_0402_1005Metric,Bourns,CR0402-FX-4702GLF,,Tolerance=1%,,0,
73,1,R251,R_2k37_0402,SMD Chip Resistor,antmicro-footprints:R_0402_1005Metric,Bourns,CR0402-FX-2371GLF,,Tolerance=1%,,0,
74,2,"R261,R263",R_43k_0402,SMD Chip Resistor,antmicro-footprints:R_0402_1005Metric,Bourns,CR0402-FX-4302GLF,,Tolerance=1%,,0,
75,1,R267,R_887k_0402,SMD Chip Resistor,antmicro-footprints:R_0402_1005Metric,Panasonic,ERJ-2RKF8873X,,Tolerance=1%,,0,
76,1,R317,R_30k_0402,"SMD Chip Resistor, 30 kohm, ± 1%, 63 mW, 0402 [1005 Metric], Thick Film, General Purpose",antmicro-footprints:R_0402_1005Metric,Bourns,CR0402-FX-3002GLF,,Tolerance=1%,,0,
77,1,R326,R_191k_0402,"SMD Chip Resistor, 191 kohm, ± 1%, 100 mW, 0402 [1005 Metric], Thick Film, Precision",antmicro-footprints:R_0402_1005Metric,Bourns,CR0402-FX-1913GLF,,Tolerance=1%,,0,
78,4,"R330,R331,R336,R337",R_2R2_0402,"SMD Chip Resistor, 2.2 ohm, ± 1%, 62.5 mW, 0402 [1005 Metric], Thick Film, General Purpose",antmicro-footprints:R_0402_1005Metric,Bourns,CR0402-FX-2R20GLF,,Tolerance=1%,,0,
79,1,R350,R_100R_0402,"SMD Chip Resistor, 100 ohm, ± 1%, 62.5 mW, 0402 [1005 Metric], Thick Film, General Purpose",antmicro-footprints:R_0402_1005Metric,Bourns,CR0402-FX-1000GLF,,Tolerance=1%,,0,
80,1,R408,R_124k_0402,"SMD Chip Resistor, 124 kohm, ± 1%, 100 mW, 0402 [1005 Metric], Thick Film, Precision",antmicro-footprints:R_0402_1005Metric,Bourns,CR0402-FX-1243GLF,,Tolerance=1%,,0,
81,1,R409,R_232k_0402,SMD Chip Resistor,antmicro-footprints:R_0402_1005Metric,YAGEO,RT0402FRE07232KL,,Tolerance=1%,,0,
82,1,R411,R_11k8_0402,"SMD Chip Resistor, 11.8 kohm, ± 1%, 100 mW, 0402 [1005 Metric], Thick Film, Precision",antmicro-footprints:R_0402_1005Metric,Bourns,CR0402-FX-1182GLF,,Tolerance=1%,,0,
83,1,R416,R_31k6_0402,SMD Chip Resistor,antmicro-footprints:R_0402_1005Metric,Bourns,CR0402-FX-3162GLF,,Tolerance=1%,,0,
84,5,"S1,S2,S3,S5,S6",SW_KMR211NGLFS_SMD,"Tactile Switch, KMR 2 Series, Top Actuated, Surface Mount, Oval Button, 120 gf, 50mA at 32VDC",antmicro-footprints:SW_KMR211NGLFS_SMD,C&K,KMR211NGLFS,,,,0,
85,1,SW2,SW_SPDT_PCM12SMTR,Slide switch,antmicro-footprints:PCM12SMTR,C&K,PCM12SMTR,,,,0,
86,2,"U1,U80",NTS0104_DHVQFN,Voltage Level Translator Bidirectional 1 Circuit 4 Channel 50Mbps 14-DHVQFN (2.5x3),antmicro-footprints:DHVQFN-14-1EP_2.5x3mm,NXP,NTS0104BQ,,,,0,
87,2,"U2,U54",AT24CS01_SOIC8,"EEPROM, 1 Kbit, 128 x 8bit, Serial I2C (2-Wire), 1 MHz, SOIC-8",antmicro-footprints:SOIC-8_3.9x4.9x1.75mm_P1.27mm,Microchip Technology,AT24CS01-SSHM-B,,,,0,
88,1,U3,LTC6994CDCB-1_DFN,Programmable delay block,antmicro-footprints:DFN-6-1EP_3x2mm_P0.5mm_EP1.65x1.35mm,Analog Devices,LTC6994CDCB-1#TRMPBF,,,,0,
89,2,"U5,U78",SN74AXC8T245_UQFN,8-bit dual-supply bus transceiver,antmicro-footprints:UQFN-24_2x4mm_P0.4mm_Texas_RJW0024A,Texas Instruments,SN74AXC8T245RJWR,,,,0,
90,2,"U7,U69",TPS564247DRLR,"Switching Voltage Regulators 3-V to 16-V input voltage, 4-A FCCM mode, synchronous buck converter in SOT-563 package 6-SOT-5X3 -40 to 125",antmicro-footprints:SOT-563,Texas Instruments,TPS564247DRLR,,,,0,
91,6,"U8,U11,U12,U13,U65,U75",SIC437AED-T1-GE3,"DC/DC Buck Step Down Regulator Adjustable, 4.5-28V In, 0.6V to 20V/12A Out, 1MHz, PowerPAK MLP44-24",antmicro-footprints:MLP44-24L_4x4x0.75mm,Vishay,SIC437AED-T1-GE3,,,,0,
92,1,U9,MAX16013,"Over voltage, reverse voltage protection",antmicro-footprints:TDFN-6-1EP_3x3mm_P0.95mm,Analog Devices,MAX16013TT-T,,,,0,
93,1,U14,SLB9673AU20FW2610XTMA1,Security ICs / Authentication ICs,antmicro-footprints:QFN-32-1EP_5x5mm,Infineon,SLB9673AU20FW2610XTMA1,,,,0,
94,18,"U16,U17,U19,U24,U25,U26,U27,U28,U36,U37,U38,U41,U42,U57,U58,U67,U68,U73",TPD4E05U06QDQARQ1,"TVS diode array, 12 kV, USON-10, 5.5 V, 0.5 pF",antmicro-footprints:USON-10_2.5x1mm_P0.5mm,Texas Instruments,TPD4E05U06QDQARQ1,,,,0,
95,11,"U18,U20,U23,U35,U40,U44,U45,U46,U47,U53,U55",AP22615A_TSOT26,"Power Load Distribution Switch, High Side, Active High, 1 Output, 5.5 V, 3.6 A, 0.04 ohm, TSOT-26-6",antmicro-footprints:TSOT23-6,Diodes Incorporated,AP22615AWU-7,,,,0,
96,1,U21,USB7252C,"4-Port USB 3.2 Hub, 2x Type-C with Power Delivery support, 1x USB 3.2, 1x USB 2.0",antmicro-footprints:VQFN-100-1EP_12x12x0.85mm_P0.4mm,Microchip Technology,USB7252CT-I/KDX,,,,0,
97,5,"U22,U50,U60,U66,U76",INA219AIDCNR,"Zerø-Drift, Bidirectional Current/Power Monitor With I2C Interface",antmicro-footprints:SOT-23-8,Texas Instruments,INA219AIDCNR,,,,0,
98,1,U29,W25Q80DV_USON,FLASH - NOR Memory IC 8Mbit SPI - Quad I/O 104 MHz 8-USON (2x3),antmicro-footprints:USON-8_2x3mm_P0.5mm,Winbond,W25Q80DVUXIE TR,,,,0,
99,1,U30,TPS65988DHRSHR,"USB, Type-C Controller PMIC 56-VQFN (7x7)",antmicro-footprints:IC_TPS65987DDHRSHR,Texas Instruments,TPS65988DHRSHR,,,,0,
100,4,"U31,U48,U49,U51",NTS0102_XSON,"Transceiver, 1.65 V to 3.6 V, XSON-8",antmicro-footprints:XSON-8_1x1.95mm_P0.5mm,NXP,NTS0102GT,,,,0,
101,1,U32,NCP718BSN330T1G,Linear Voltage Regulator IC Positive Fixed 1 Output 300mA TSOT-23-5,antmicro-footprints:SOT-23-5,ON Semiconductor,NCP718BSN330T1G,,,,0,
102,1,U33,TUSB1046-DCIRNQ,"Analog & Digital Crosspoint ICs USB Type-C DP ALT Mode, 10-Gbps linear redriver crosspoint switch 40-WQFN 0°C to 70°C",antmicro-footprints:WQFN-40_1EP_6x3mm_Pitch0.4mm_EP4.7x2.7mm,Texas Instruments,TUSB1046-DCIRNQT,,,,0,
103,1,U34,FT230X_QFN,"USB Interface, USB-UART Converter, USB 2.0, 2.97 V, 5.5 V, QFN, 16 Pins",antmicro-footprints:QFN-16-1EP_4x4mm_P0.65mm,FTDI Chip,FT230XQ-R,,,,0,
104,1,U43,PI4MSD5V9548AZDEX,Logic signal switch/multiplexer/decoder,antmicro-footprints:VQFN-24-1EP_3.8x3.8x1.0mm_P0.5mm,Diodes Incorporated,PI4MSD5V9548AZDEX,,,,0,
105,1,U56,HD3SS3220IRNHR,USB Interface IC 10-Gbps USB 3.1 Type-C 2:1 mux with DRP Controller 30-WQFN -40°C to 85°C,antmicro-footprints:WQFN-30-1EP_4.6x2.6mm_P0.4mm,Texas Instruments,HD3SS3220IRNHR,,,,0,
106,2,"U63,U64",LTC4412IS6,Ideal diode controller,antmicro-footprints:SOT-23-6,Analog Devices,LTC4412IS6#TRMPBF,,,,0,
107,1,U70,MAX16150A_SOT,"Pushbutton On/Off Controller, Latched Output, 1.3 to 5.5 V Supply, 50 ms Debounce Time, SOT-23-6",antmicro-footprints:SOT-23-6,Maxim Integrated Products,MAX16150AUT+T,,,,0,
108,1,U71,PCAL6408A_VQFN,"I/O Expander, 8 bit, I2C, 1.65-5.5 V, HVQFN, 16 Pins",antmicro-footprints:VQFN-16-1EP_3x3mm_P0.5mm_EP1.68x1.68mm,NXP,PCAL6408ABSHP,,,,0,
109,1,U72,TPS3840PL30DBVR,Voltage supervisor,antmicro-footprints:SOT-23-5,Texas Instruments,TPS3840PL30DBVR,,,,0,
110,1,U74,SN74LVC2G07DCKR,"Buffer / Line Driver, SN74LVC2G07DCKR, 1.65 V to 5.5 V, SC-70-5",antmicro-footprints:SC-70-6,Texas Instruments,SN74LVC2G07DCKR,,,,0,
111,1,U79,LD39100PUR,LDO Voltage Regulator 1A Low Quiescent Reg 1.5 to 5.5 V 200mV,antmicro-footprints:DFN-6-1EP_3x3mm_P1mm_EP1.5x2.4mm,STMicroelectronics,LD39100PUR,,,,0,
112,1,Y1,Oscillator_100MHz_NX324,"100 MHz XO (Standard) HCSL Oscillator 3.3V Enable/Disable 6-SMD, No Lead",antmicro-footprints:Oscillator_SMD_Abracon_AX3_3.2x2.5x1mm,Diodes Incorporated,NX3241E0100.000000,,,,0,
113,1,Y2,Oscillator_25MHz_ESC_2016MV,"Oscillator, 25 MHz, HCMOS, SMD, 2mm x 1.6mm, MultiVolt ECS-2016MV Series",antmicro-footprints:Oscillator_SMD_ECS_2016MV_2x1.6x0.85mm,ECS Inc. International,ECS-2016MV-250-CN-TR,,,,0,
114,1,Y3,Oscillator_32.768kHz_ECS_2520MV,"32.768 kHz XO (Standard) CMOS Oscillator 1.6V ~ 3.6V Enable/Disable 4-SMD, No Lead",antmicro-footprints:Oscillator_SMD_ECS_2520MV_2.5x2mm,ECS Inc. International,ECS-327MVATX-2-CN-TR3,,,,0,
115,1,Y5,Oscillator_156.25MHz_AK3LPHEF1,"156.25 MHz XO (Standard) HCSL Oscillator 3.3V Enable/Disable 6-SMD, +/-25ppm",antmicro-footprints:Oscillator_SMD_Abracon_AK3LPHEF1_3.2x2.5x1mm,Abracon,AK3LPHEF1-156.2500T,,,,0,
