Item,Rank,Kind,Manufacturer,Manufacturer Part Number,Source Text
1,1,primary,Samsung Electro-Mechanics,CL10B224KA8NNNC,
2,1,primary,Samsung Electro-Mechanics,CL31A476MPHNNNE,
3,1,primary,Samsung Electro-Mechanics,CL10B104KC8NNNC,
4,1,primary,Samsung Electro-Mechanics,CL10A225KP8NNNC,
5,1,primary,Samsung Electro-Mechanics,CL31B225KCHSNNE,
6,1,primary,Samsung Electro-Mechanics,CL31B105KCHNNNE,
7,1,primary,Samsung Electro-Mechanics,CL10C101JC8NNNC,
8,1,primary,Samsung Electro-Mechanics,CL10A105KA8NNNC,
9,1,primary,KYOCERA AVX,AEK1010470M100R,
10,1,primary,Samsung Electro-Mechanics,CL21A106KPFNNNE,
11,1,primary,Nexperia,PMEG10010ELRX,
12,1,primary,Diodes Incorporated,BAT46W-7-F,
13,1,primary,onsemi,ESD5B5.0ST1G,
14,1,primary,Nexperia,PESD2CANFD24V-TR,
15,1,primary,Vishay,VSS8D3M10-M3/H,
16,1,primary,onsemi,MMSZ4685T1G,
17,1,primary,Bourns,SMCJ70A,
18,1,primary,Diodes Incorporated,MMSZ5246B-7-F,
19,1,primary,Diodes Incorporated,BZT52C5V1S-7-F,
20,1,primary,Diodes Incorporated,MURS360,
21,1,primary,Diodes Incorporated,MMSZ5267BT1G,
24,1,primary,Würth,662024231722,
25,1,primary,JST,B4B-PH-SM4-TB(LF)(SN),
26,1,primary,GCT,USB4105-GF-A,
27,1,primary,JST,B3B-PH-SM4-TB(LF)(SN),
28,1,primary,JST,B2B-PH-SM4-TB(LF)(SN),
29,1,primary,Bourns,SRN8040-220M,
30,1,primary,Lite-On,LTST-C190KRKT,
31,1,primary,Lite-On,LTST-C190KGKT,
35,1,primary,Erni,225852-E,
37,1,primary,Diodes Inc.,DMN10H220LE,
38,1,primary,Infineon,IPT012N08N5,
39,1,primary,Nexperia,"BSS84AK,215",
40,1,primary,Infineon,BSS123N H6327,
41,1,primary,Diodes Incorporated,ZXMP10A17GTA,
42,1,primary,Yageo,RC2010JK-0720RL,
43,1,primary,Yageo,RC1206FR-07100RL,
44,1,primary,Yageo,RC0603FR-07100RL,
45,1,primary,Yageo,RC0603FR-070RL,
46,1,primary,Yageo,RC0603FR-071KL,
47,1,primary,Yageo,RC0603FR-071ML,
48,1,primary,Yageo,RC1206FR-0710RL,
49,1,primary,Yageo,RC0603FR-075K1L,
50,1,primary,Yageo,RC0603FR-0782KL,
51,1,primary,Yageo,RC0603FR-0710KL,
52,1,primary,Yageo,RC0603FR-0735K7L,
53,1,primary,Yageo,RC0603FR-072K2L,
54,1,primary,Yageo,RC0603FR-0752K3L,
55,1,primary,Yageo,RC0603FR-0710ML,
56,1,primary,Yageo,RC0603FR-0747RL,
57,1,primary,Vishay,WSLP5931L3000FEA,
58,1,primary,Yageo,RC0603FR-0768KL,
59,1,primary,Yageo,RC0603FR-0762RL,
60,1,primary,Yageo,RC0603FR-07470RL,
61,1,primary,Bourns,PWR163S-25-40R0FE,
62,1,primary,TDK,NTCG163JF103FT1S,
63,1,primary,E-Switch,TL3305AF160QG,
66,1,primary,Texas Instruments,SN65HVD230DR,
67,1,primary,Texas Instruments,SN65HVD75DR,
68,1,primary,Texas Instruments,LMR38010SDDAR,
69,1,primary,Texas Instruments,BQ76952PFBR,
70,1,primary,Espressif Systems,ESP32-C3-MINI-1-N4,
