References,Qty,Description,Manufacturer,MPN
C1 C14 C19 C26 C27 C28 C31 C53 C76 C80 C82 C83 C86 C92,14,4u7 Capacitor_SMD:C_0603_1608Metric,Taiyo Yuden,LMK107BJ475KAHT
C11 C12,2,9p Capacitor_SMD:C_0402_1005Metric,Yageo,AC0402CRNPO9BN9R0
C10 C13 C15 C16 C17 C18 C2 C20 C21 C22 C23 C24 C25 C29 C3 C30 C32 C33 C34 C35 C36 C37 C38 C39 C4 C40 C41 C42 C43 C44 C45 C46 C47 C48 C49 C5 C50 C51 C52 C54 C55 C56 C57 C58 C59 C6 C60 C61 C62 C63 C64 C65 C66 C67 C68 C69 C7 C70 C71 C72 C73 C74 C75 C77 C78 C79 C8 C81 C84 C85 C88 C89 C9,73,u1 Capacitor_SMD:C_0402_1005Metric,Taiyo Yuden,TMK105BJ104KV-F
C87,1,150u Capacitor_SMD:CP_Elec_6.3x5.9,KEMET,A765EB157M1ALAE022
C90 C91,2,1n 50V C0G Capacitor_SMD:C_0402_1005Metric,Murata,GCM1555C1H102JA16J
D1 D14 D15,3,GRN LED_SMD:LED_0603_1608Metric,Foshan NationStar Optoelectronics,NCD0603G1
D11 D12 D13,3,ESD5Z5.0T1G Glasgow:D_SOD-523,ON Semiconductor,ESD5Z5.0T1G
D16 D17,2,CDSOD323-T36S Glasgow:D_SOD-323,Bourns,CDSOD323-T36S
D18 D19,2,BAT54CW Glasgow:SOT-323_SC-70,Diodes Inc.,BAT54CW-7-F
D2 D8,2,WHT LED_SMD:LED_0603_1608Metric,Foshan NationStar Optoelectronics,NCD0603W1
D20 D21 D22 D23,4,SP3012-06UTG Glasgow:UDFN-14_3.5x1.35mm_P0.5mm,Littlefuse,SP3012-06UTG
D24,1,BAT54AW Glasgow:SOT-323_SC-70,Diodes Inc.,BAT54AW-7-F
D10 D3 D6,3,BLU LED_SMD:LED_0603_1608Metric,Orient,ORH-B36G
D4,1,ORA LED_SMD:LED_0603_1608Metric,Foshan NationStar Optoelectronics,NCD0603O1
D5,1,RED LED_SMD:LED_0603_1608Metric,Foshan NationStar Optoelectronics,NCD0603R1
D7 D9,2,PNK LED_SMD:LED_0603_1608Metric,Optosupply,OSK40603C1E
FB1,1,"600R, 0.5A Inductor_SMD:L_0402_1005Metric",Murata Electronics,BLM15PX601SZ1D
J1,1,USB_C_USB2.0 Glasgow:USB_C_Receptacle_HRO_TYPE-C-31-M-12,Korean Hroparts Elec,TYPE-C-31-M-12
J2 J3,2,IDC-Header_2x10_P2.54mm Connector_IDC:IDC-Header_2x10_P2.54mm_Vertical,Molex,87834-2019
J4,1,Conn_01x02 Glasgow:Molex_KK-254_1x02_P2.54mm_Horizontal,Molex,22-05-3021
J5,1,PinHeader_2x22_P1.27mm Glasgow:PinHeader_2x22_P1.27mm_Vertical__SMD,Samtec Inc.,FTS-122-01-L-DV
R1 R10 R11 R13 R14 R2 R20 R21 R22 R23 R41 R42 R57 R58,14,2k2 Resistor_SMD:R_0402_1005Metric,Yageo,RC0402FR-132K2L
R12 R18 R19 R26 R36 R37 R44 R55,8,10k Resistor_SMD:R_0402_1005Metric,Yageo,RC0402FR-1310KL
R15 R16,2,1k Resistor_SMD:R_0402_1005Metric,,
R17 R3 R4 R5 R9,5,100k Resistor_SMD:R_0402_1005Metric,Yageo,RC0402FR-13100KL
R24 R25 R30 R54,4,4R7 Resistor_SMD:R_0402_1005Metric,Yageo,RC0402FR-074R7L
R31 R32,2,100R Resistor_SMD:R_0402_1005Metric,Yageo,RC0402FR-13100RL
R27 R33,2,49k9 Resistor_SMD:R_0402_1005Metric,Yageo,RC0402FR-1349K9L
R28 R34,2,59k Resistor_SMD:R_0402_1005Metric,Yageo,RC0402FR-1359KL
R29 R35,2,24k3 Resistor_SMD:R_0402_1005Metric,Yageo,RC0402FR-1324K3L
R38 R39 R43 R45,4,47R Resistor_SMD:R_0402_1005Metric,Yageo,RC0402FR-1347RL
R46 R47,2,20k Resistor_SMD:R_0402_1005Metric,Yageo,RC0402FR-1320KL
R48 R49,2,0R15 Resistor_SMD:R_0603_1608Metric,Ohmite,KDV06FR150ET
R52 R53,2,5k1 Resistor_SMD:R_0402_1005Metric,Yageo,RC0402FR-075K1L
R56 R7,2,0R33 Resistor_SMD:R_0603_1608Metric,Ohmite,KDV06FR330ET
R59 R60,2,470 Resistor_SMD:R_0402_1005Metric,Yageo,RC0402FR-07470RL
RN11 RN12 RN5 RN6,4,10k Glasgow:R_Array_Convex_4x0402,Yageo,YC124-JR-0710KL
RN1 RN10 RN2 RN3 RN4 RN7 RN8 RN9,8,33R Glasgow:R_Array_Convex_4x0402,Yageo,YC124-JR-1333RL
SW1,1,RST Glasgow:SW_Tactile_SPST_Angled_TC-1109DE,XKB,TC-1109DE-B-F
U1,1,CY7C68013A-56LTX Package_DFN_QFN:Cypress_QFN-56-1EP_8x8mm_P0.5mm_EP6.22x6.22mm_ThermalVias,Cypress,CY7C68013A-56LTXC
U15,1,TPD3S014 Glasgow:SOT-23-6,Texas Instruments,TPD3S014DBVR
U19 U5,2,PCA6408APW Package_SO:TSSOP-16_4.4x5mm_P0.65mm,NXP,PCA6408APW
U2,1,CAT24M01X Package_SO:TSSOP-8_4.4x3mm_P0.65mm,ON Semiconductor,CAT24M01YI−GT3
U13 U20,2,DAC081C081CIMK Glasgow:SOT-23-6,Texas Instruments,DAC081C081CIMK/NOPB
U12 U21,2,INA233 Glasgow:VSSOP-10_3x3mm_P0.5mm,Texas Instruments,INA233AIDGSR
U3,1,BL24C256A-SFRC Package_SO:TSSOP-8_4.4x3mm_P0.65mm,BL(Shanghai Belling),BL24C256A-SFRC
U30,1,ICE40HX8K-BG121 Package_BGA:BGA-121_9.0x9.0mm_Layout11x11_P0.8mm_Ball0.4mm_Pad0.35mm_NSMD,Lattice Semiconductor Corporation,ICE40HX8K-BG121
U14 U31,2,TPS73101DBV Glasgow:SOT-23-5,Texas Instruments,TPS73101DBVR
U10 U11 U16 U17 U18 U22 U23 U24 U25 U26 U27 U28 U29 U32 U4 U6 U9,17,SN74LVC1T45DCKR Glasgow:SOT-363_SC-70-6,Texas Instruments,SN74LVC1T45DCKR
U36,1,TLV73312PQDRVR Glasgow:DFN-6-1EP_2x2mm_P0.65mm_EP1x1.6mm_ThermalVias,Texas Instruments,TLV73312PQDRVRQ1
U7,1,APX811-40UG-7 Glasgow:SOT-143,Diodes Incorporated,APX811-40UG-7
U8,1,TLV75533PDRVR Glasgow:DFN-6-1EP_2x2mm_P0.65mm_EP1x1.6mm_ThermalVias,Texas Instruments,TLV75533PDRVR
Y1,1,24M Glasgow:Crystal_SMD_3225-4Pin_3.2x2.5mm,JWT,JF4024M00009T8188070
